Date,id,1 Mo,2 Mo,3 Mo,6 Mo,1 Yr,2 Yr,3 Yr,5 Yr,7 Yr,10 Yr,20 Yr,30 Yr,bc30yeardisplay,4 Mo,1.5 Mo
2022-01-03,8010.0,0.05,0.06,0.08,0.22,0.4,0.78,1.04,1.37,1.55,1.63,2.05,2.01,2.01,,
2022-01-04,8011.0,0.06,0.05,0.08,0.22,0.38,0.77,1.02,1.37,1.57,1.66,2.1,2.07,2.07,,
2022-01-05,8012.0,0.05,0.06,0.09,0.22,0.41,0.83,1.1,1.43,1.62,1.71,2.12,2.09,2.09,,
2022-01-06,8013.0,0.04,0.05,0.1,0.23,0.45,0.88,1.15,1.47,1.66,1.73,2.12,2.09,2.09,,
2022-01-07,8014.0,0.05,0.05,0.1,0.24,0.43,0.87,1.17,1.5,1.69,1.76,2.15,2.11,2.11,,
2022-01-10,8015.0,0.05,0.06,0.13,0.28,0.46,0.92,1.21,1.53,1.71,1.78,2.15,2.11,2.11,,
2022-01-11,8016.0,0.04,0.05,0.11,0.28,0.46,0.9,1.22,1.51,1.69,1.75,2.13,2.08,2.08,,
2022-01-12,8017.0,0.04,0.06,0.12,0.27,0.48,0.92,1.21,1.5,1.67,1.74,2.13,2.08,2.08,,
2022-01-13,8018.0,0.05,0.05,0.12,0.28,0.47,0.91,1.18,1.47,1.64,1.7,2.1,2.05,2.05,,
2022-01-14,8019.0,0.05,0.05,0.13,0.3,0.51,0.99,1.26,1.55,1.72,1.78,2.18,2.12,2.12,,
2022-01-18,8020.0,0.05,0.06,0.16,0.37,0.58,1.06,1.35,1.65,1.82,1.87,2.24,2.18,2.18,,
2022-01-19,8021.0,0.05,0.06,0.17,0.36,0.57,1.04,1.33,1.62,1.78,1.83,2.2,2.14,2.14,,
2022-01-20,8022.0,0.05,0.09,0.17,0.36,0.6,1.08,1.34,1.62,1.77,1.83,2.19,2.14,2.14,,
2022-01-21,8023.0,0.05,0.08,0.17,0.35,0.58,1.01,1.28,1.54,1.7,1.75,2.13,2.07,2.07,,
2022-01-24,8024.0,0.05,0.09,0.19,0.39,0.58,0.99,1.25,1.53,1.69,1.75,2.15,2.1,2.1,,
2022-01-25,8025.0,0.05,0.09,0.19,0.39,0.65,1.02,1.28,1.56,1.73,1.78,2.18,2.12,2.12,,
2022-01-26,8026.0,0.06,0.11,0.19,0.4,0.7,1.13,1.39,1.66,1.81,1.85,2.22,2.16,2.16,,
2022-01-27,8027.0,0.04,0.14,0.2,0.43,0.75,1.18,1.43,1.66,1.78,1.81,2.17,2.09,2.09,,
2022-01-28,8028.0,0.04,0.1,0.19,0.43,0.75,1.15,1.38,1.61,1.74,1.78,2.14,2.07,2.07,,
2022-01-31,8029.0,0.03,0.13,0.22,0.49,0.78,1.18,1.39,1.62,1.75,1.79,2.17,2.11,2.11,,
2022-02-01,8030.0,0.04,0.1,0.19,0.48,0.78,1.18,1.39,1.63,1.76,1.81,2.19,2.12,2.12,,
2022-02-02,8031.0,0.04,0.1,0.19,0.45,0.76,1.16,1.38,1.6,1.74,1.78,2.17,2.11,2.11,,
2022-02-03,8032.0,0.03,0.15,0.2,0.48,0.78,1.19,1.42,1.66,1.78,1.82,2.2,2.14,2.14,,
2022-02-04,8033.0,0.05,0.12,0.23,0.56,0.89,1.31,1.55,1.78,1.9,1.93,2.29,2.23,2.23,,
2022-02-07,8034.0,0.03,0.14,0.27,0.58,0.88,1.3,1.54,1.76,1.88,1.92,2.28,2.22,2.22,,
2022-02-08,8035.0,0.03,0.14,0.25,0.59,0.91,1.35,1.59,1.81,1.93,1.96,2.31,2.25,2.25,,
2022-02-09,8036.0,0.04,0.15,0.26,0.57,0.91,1.36,1.61,1.82,1.92,1.94,2.31,2.25,2.25,,
2022-02-10,8037.0,0.05,0.31,0.4,0.74,1.14,1.61,1.82,1.96,2.03,2.03,2.37,2.3,2.3,,
2022-02-11,8038.0,0.03,0.22,0.36,0.71,1.07,1.5,1.71,1.84,1.92,1.92,2.3,2.24,2.24,,
2022-02-14,8039.0,0.03,0.25,0.43,0.76,1.13,1.58,1.8,1.9,1.98,1.98,2.35,2.29,2.29,,
2022-02-15,8040.0,0.02,0.19,0.4,0.72,1.11,1.58,1.8,1.94,2.03,2.05,2.42,2.37,2.37,,
2022-02-16,8041.0,0.03,0.17,0.38,0.67,1.09,1.52,1.75,1.9,2.0,2.03,2.39,2.34,2.34,,
2022-02-17,8042.0,0.06,0.23,0.36,0.65,1.05,1.49,1.7,1.85,1.94,1.97,2.35,2.31,2.31,,
2022-02-18,8043.0,0.03,0.19,0.35,0.65,1.03,1.47,1.68,1.82,1.9,1.92,2.3,2.24,2.24,,
2022-02-22,8044.0,0.03,0.2,0.37,0.73,1.17,1.56,1.74,1.85,1.93,1.94,2.31,2.24,2.24,,
2022-02-23,8045.0,0.02,0.2,0.34,0.74,1.16,1.58,1.78,1.89,1.98,1.99,2.36,2.29,2.29,,
2022-02-24,8046.0,0.05,0.18,0.32,0.65,1.08,1.54,1.73,1.84,1.94,1.96,2.36,2.28,2.28,,
2022-02-25,8047.0,0.03,0.2,0.33,0.71,1.13,1.55,1.76,1.86,1.96,1.97,2.37,2.29,2.29,,
2022-02-28,8048.0,0.06,0.2,0.35,0.69,1.01,1.44,1.62,1.71,1.81,1.83,2.25,2.17,2.17,,
2022-03-01,8049.0,0.11,0.21,0.32,0.6,0.91,1.31,1.47,1.56,1.67,1.72,2.19,2.11,2.11,,
2022-03-02,8050.0,0.13,0.24,0.34,0.68,1.06,1.5,1.67,1.74,1.83,1.86,2.32,2.24,2.24,,
2022-03-03,8051.0,0.19,0.25,0.38,0.69,1.08,1.53,1.69,1.74,1.82,1.86,2.32,2.24,2.24,,
2022-03-04,8052.0,0.15,0.21,0.34,0.69,1.05,1.5,1.62,1.65,1.7,1.74,2.23,2.16,2.16,,
2022-03-07,8053.0,0.17,0.23,0.38,0.75,1.07,1.55,1.68,1.71,1.77,1.78,2.29,2.19,2.19,,
2022-03-08,8054.0,0.16,0.24,0.36,0.72,1.12,1.63,1.78,1.8,1.85,1.86,2.34,2.24,2.24,,
2022-03-09,8055.0,0.18,0.26,0.38,0.75,1.15,1.68,1.83,1.87,1.92,1.94,2.38,2.29,2.29,,
2022-03-10,8056.0,0.19,0.28,0.39,0.75,1.19,1.72,1.88,1.92,1.98,1.98,2.45,2.38,2.38,,
2022-03-11,8057.0,0.17,0.28,0.4,0.78,1.22,1.75,1.91,1.96,2.01,2.0,2.45,2.36,2.36,,
2022-03-14,8058.0,0.23,0.32,0.45,0.86,1.28,1.87,2.04,2.1,2.16,2.14,2.56,2.47,2.47,,
2022-03-15,8059.0,0.22,0.31,0.46,0.86,1.28,1.85,2.04,2.1,2.16,2.15,2.57,2.49,2.49,,
2022-03-16,8060.0,0.24,0.3,0.44,0.86,1.35,1.95,2.14,2.18,2.22,2.19,2.56,2.46,2.46,,
2022-03-17,8061.0,0.2,0.3,0.4,0.81,1.3,1.94,2.14,2.17,2.22,2.2,2.6,2.5,2.5,,
2022-03-18,8062.0,0.19,0.28,0.42,0.83,1.29,1.97,2.15,2.14,2.17,2.14,2.53,2.42,2.42,,
2022-03-21,8063.0,0.22,0.33,0.54,0.95,1.4,2.14,2.34,2.33,2.36,2.32,2.67,2.55,2.55,,
2022-03-22,8064.0,0.2,0.3,0.51,0.96,1.59,2.18,2.38,2.39,2.42,2.38,2.71,2.6,2.6,,
2022-03-23,8065.0,0.15,0.27,0.5,0.93,1.52,2.13,2.32,2.34,2.37,2.32,2.65,2.52,2.52,,
2022-03-24,8066.0,0.16,0.31,0.52,0.96,1.55,2.13,2.35,2.37,2.39,2.34,2.63,2.51,2.51,,
2022-03-25,8067.0,0.17,0.32,0.55,1.01,1.67,2.3,2.51,2.55,2.56,2.48,2.74,2.6,2.6,,
2022-03-28,8068.0,0.19,0.36,0.59,1.08,1.69,2.35,2.55,2.54,2.55,2.46,2.72,2.57,2.57,,
2022-03-29,8069.0,0.18,0.34,0.55,1.06,1.67,2.35,2.54,2.49,2.5,2.41,2.68,2.53,2.53,,
2022-03-30,8070.0,0.16,0.33,0.55,1.04,1.64,2.31,2.49,2.44,2.43,2.35,2.63,2.48,2.48,,
2022-03-31,8071.0,0.17,0.35,0.52,1.06,1.63,2.28,2.45,2.42,2.4,2.32,2.59,2.44,2.44,,
2022-04-01,8072.0,0.15,0.37,0.53,1.09,1.72,2.44,2.61,2.55,2.5,2.39,2.6,2.44,2.44,,
2022-04-04,8073.0,0.18,0.42,0.66,1.14,1.72,2.43,2.61,2.56,2.52,2.42,2.64,2.48,2.48,,
2022-04-05,8074.0,0.18,0.42,0.65,1.13,1.77,2.51,2.69,2.69,2.65,2.54,2.74,2.57,2.57,,
2022-04-06,8075.0,0.21,0.44,0.67,1.15,1.79,2.5,2.67,2.7,2.69,2.61,2.81,2.63,2.63,,
2022-04-07,8076.0,0.21,0.5,0.68,1.15,1.78,2.47,2.66,2.7,2.73,2.66,2.87,2.69,2.69,,
2022-04-08,8077.0,0.2,0.49,0.7,1.19,1.81,2.53,2.73,2.76,2.79,2.72,2.94,2.76,2.76,,
2022-04-11,8078.0,0.22,0.54,0.77,1.23,1.85,2.5,2.73,2.79,2.84,2.79,3.02,2.84,2.84,,
2022-04-12,8079.0,0.21,0.52,0.74,1.2,1.77,2.39,2.58,2.66,2.73,2.72,2.99,2.82,2.82,,
2022-04-13,8080.0,0.26,0.52,0.75,1.2,1.78,2.37,2.57,2.66,2.71,2.7,2.97,2.81,2.81,,
2022-04-14,8081.0,0.37,0.57,0.79,1.25,1.84,2.47,2.67,2.79,2.84,2.83,3.09,2.92,2.92,,
2022-04-18,8082.0,0.38,0.6,0.81,1.27,1.84,2.46,2.68,2.79,2.85,2.85,3.12,2.95,2.95,,
2022-04-19,8083.0,0.37,0.58,0.81,1.28,1.94,2.61,2.81,2.91,2.95,2.93,3.19,3.01,3.01,,
2022-04-20,8084.0,0.35,0.56,0.82,1.29,1.93,2.6,2.79,2.87,2.88,2.85,3.08,2.9,2.9,,
2022-04-21,8085.0,0.5,0.65,0.83,1.32,2.01,2.68,2.87,2.96,2.96,2.9,3.12,2.94,2.94,,
2022-04-22,8086.0,0.46,0.64,0.83,1.34,2.06,2.72,2.88,2.94,2.95,2.9,3.14,2.95,2.95,,
2022-04-25,8087.0,0.4,0.61,0.91,1.42,2.03,2.63,2.79,2.84,2.85,2.81,3.06,2.88,2.88,,
2022-04-26,8088.0,0.38,0.61,0.83,1.4,1.99,2.54,2.72,2.79,2.8,2.77,3.03,2.86,2.86,,
2022-04-27,8089.0,0.37,0.63,0.82,1.39,1.97,2.58,2.75,2.81,2.84,2.82,3.08,2.91,2.91,,
2022-04-28,8090.0,0.37,0.71,0.82,1.38,2.04,2.63,2.8,2.86,2.88,2.85,3.1,2.92,2.92,,
2022-04-29,8091.0,0.37,0.73,0.85,1.41,2.1,2.7,2.87,2.92,2.94,2.89,3.14,2.96,2.96,,
2022-05-02,8092.0,0.41,0.71,0.9,1.49,2.1,2.73,2.93,3.01,3.04,2.99,3.26,3.07,3.07,,
2022-05-03,8093.0,0.48,0.77,0.91,1.45,2.16,2.78,2.95,3.01,3.03,2.97,3.21,3.03,3.03,,
2022-05-04,8094.0,0.49,0.74,0.89,1.44,2.07,2.66,2.85,2.93,2.97,2.93,3.21,3.01,3.01,,
2022-05-05,8095.0,0.49,0.71,0.85,1.37,2.08,2.71,2.91,3.01,3.07,3.05,3.35,3.15,3.15,,
2022-05-06,8096.0,0.48,0.72,0.85,1.41,2.08,2.72,2.94,3.06,3.13,3.12,3.43,3.23,3.23,,
2022-05-09,8097.0,0.51,0.73,0.92,1.43,1.99,2.61,2.81,2.95,3.04,3.05,3.38,3.19,3.19,,
2022-05-10,8098.0,0.57,0.75,0.89,1.44,2.01,2.62,2.81,2.91,2.99,2.99,3.31,3.12,3.12,,
2022-05-11,8099.0,0.59,0.77,0.91,1.43,1.99,2.66,2.81,2.89,2.94,2.91,3.25,3.05,3.05,,
2022-05-12,8100.0,0.61,0.77,0.96,1.44,1.96,2.56,2.73,2.81,2.86,2.84,3.22,3.0,3.0,,
2022-05-13,8101.0,0.67,0.79,1.03,1.47,2.04,2.61,2.79,2.89,2.95,2.93,3.32,3.1,3.1,,
2022-05-16,8102.0,0.64,0.85,1.07,1.54,2.07,2.58,2.75,2.83,2.89,2.88,3.3,3.09,3.09,,
2022-05-17,8103.0,0.61,0.85,1.06,1.57,2.16,2.71,2.89,2.96,3.0,2.98,3.36,3.17,3.17,,
2022-05-18,8104.0,0.56,0.85,1.03,1.56,2.16,2.68,2.84,2.89,2.91,2.89,3.24,3.07,3.07,,
2022-05-19,8105.0,0.65,0.91,1.05,1.52,2.11,2.63,2.78,2.84,2.87,2.84,3.24,3.05,3.05,,
2022-05-20,8106.0,0.63,0.87,1.03,1.51,2.07,2.6,2.73,2.8,2.82,2.78,3.17,2.99,2.99,,
2022-05-23,8107.0,0.55,0.9,1.07,1.57,2.09,2.65,2.8,2.88,2.9,2.86,3.26,3.08,3.08,,
2022-05-24,8108.0,0.55,0.88,1.06,1.53,2.02,2.5,2.66,2.76,2.8,2.76,3.16,2.98,2.98,,
2022-05-25,8109.0,0.58,0.88,1.06,1.52,2.01,2.48,2.63,2.71,2.76,2.75,3.14,2.97,2.97,,
2022-05-26,8110.0,0.71,0.9,1.07,1.52,1.99,2.46,2.63,2.7,2.75,2.75,3.18,2.99,2.99,,
2022-05-27,8111.0,0.69,0.91,1.08,1.54,2.01,2.47,2.64,2.71,2.76,2.74,3.16,2.97,2.97,,
2022-05-31,8112.0,0.73,0.89,1.16,1.64,2.08,2.53,2.71,2.81,2.87,2.85,3.28,3.07,3.07,,
2022-06-01,8113.0,0.77,0.9,1.15,1.63,2.16,2.66,2.84,2.94,2.98,2.94,3.31,3.09,3.09,,
2022-06-02,8114.0,0.85,1.05,1.17,1.64,2.15,2.65,2.83,2.92,2.95,2.92,3.3,3.09,3.09,,
2022-06-03,8115.0,0.87,1.05,1.21,1.68,2.18,2.66,2.87,2.95,2.99,2.96,3.33,3.11,3.11,,
2022-06-06,8116.0,0.88,1.07,1.26,1.74,2.23,2.73,2.94,3.03,3.07,3.04,3.41,3.19,3.19,,
2022-06-07,8117.0,0.87,1.08,1.26,1.75,2.26,2.75,2.91,2.99,3.02,2.98,3.35,3.13,3.13,,
2022-06-08,8118.0,0.89,1.1,1.28,1.77,2.29,2.78,2.94,3.03,3.06,3.03,3.4,3.18,3.18,,
2022-06-09,8119.0,1.05,1.17,1.3,1.81,2.35,2.83,2.99,3.07,3.08,3.04,3.4,3.18,3.18,,
2022-06-10,8120.0,1.1,1.25,1.39,1.98,2.58,3.06,3.21,3.25,3.24,3.15,3.45,3.2,3.2,,
2022-06-13,8121.0,1.13,1.45,1.73,2.25,2.89,3.4,3.56,3.56,3.53,3.43,3.68,3.42,3.42,,
2022-06-14,8122.0,1.19,1.55,1.83,2.43,3.15,3.45,3.6,3.61,3.6,3.49,3.72,3.45,3.45,,
2022-06-15,8123.0,1.21,1.56,1.74,2.32,2.93,3.2,3.35,3.38,3.39,3.33,3.64,3.39,3.39,,
2022-06-16,8124.0,1.19,1.47,1.59,2.24,2.88,3.14,3.33,3.35,3.36,3.28,3.59,3.35,3.35,,
2022-06-17,8125.0,1.15,1.5,1.63,2.25,2.86,3.17,3.35,3.34,3.34,3.25,3.55,3.3,3.3,,
2022-06-21,8126.0,1.08,1.48,1.7,2.46,2.92,3.21,3.35,3.38,3.39,3.31,3.63,3.39,3.39,,
2022-06-22,8127.0,0.98,1.42,1.61,2.4,2.79,3.06,3.2,3.22,3.24,3.16,3.49,3.25,3.25,,
2022-06-23,8128.0,1.12,1.54,1.65,2.44,2.78,3.01,3.12,3.14,3.16,3.09,3.45,3.21,3.21,,
2022-06-24,8129.0,1.19,1.6,1.73,2.51,2.83,3.04,3.13,3.18,3.19,3.13,3.51,3.26,3.26,,
2022-06-27,8130.0,1.16,1.57,1.79,2.56,2.89,3.08,3.21,3.24,3.27,3.2,3.56,3.31,3.31,,
2022-06-28,8131.0,1.12,1.59,1.79,2.55,2.88,3.1,3.21,3.25,3.27,3.2,3.55,3.3,3.3,,
2022-06-29,8132.0,1.12,1.53,1.78,2.55,2.88,3.06,3.13,3.15,3.17,3.1,3.46,3.22,3.22,,
2022-06-30,8133.0,1.28,1.68,1.72,2.51,2.8,2.92,2.99,3.01,3.04,2.98,3.38,3.14,3.14,,
2022-07-01,8134.0,1.27,1.68,1.73,2.52,2.79,2.84,2.85,2.88,2.92,2.88,3.35,3.11,3.11,,
2022-07-05,8135.0,1.33,1.71,1.9,2.59,2.77,2.82,2.82,2.82,2.87,2.82,3.31,3.05,3.05,,
2022-07-06,8136.0,1.36,1.7,1.9,2.62,2.82,2.97,2.99,2.96,2.99,2.93,3.42,3.14,3.14,,
2022-07-07,8137.0,1.55,1.9,1.95,2.64,2.87,3.03,3.05,3.05,3.07,3.01,3.45,3.2,3.2,,
2022-07-08,8138.0,1.57,1.92,1.98,2.68,2.96,3.12,3.14,3.13,3.16,3.09,3.53,3.27,3.27,,
2022-07-11,8139.0,1.58,1.95,2.18,2.79,2.97,3.07,3.09,3.05,3.06,2.99,3.43,3.18,3.18,,
2022-07-12,8140.0,1.63,2.01,2.22,2.78,3.07,3.03,3.07,3.01,3.01,2.96,3.37,3.13,3.13,,
2022-07-13,8141.0,1.78,2.2,2.39,2.96,3.21,3.13,3.14,3.02,3.0,2.91,3.35,3.08,3.08,,
2022-07-14,8142.0,1.99,2.32,2.4,2.93,3.16,3.15,3.16,3.06,3.05,2.96,3.36,3.11,3.11,,
2022-07-15,8143.0,1.98,2.26,2.37,2.94,3.12,3.13,3.14,3.05,3.03,2.93,3.34,3.1,3.1,,
2022-07-18,8144.0,1.96,2.28,2.5,3.02,3.13,3.15,3.15,3.06,3.05,2.96,3.39,3.14,3.14,,
2022-07-19,8145.0,1.93,2.29,2.52,3.06,3.18,3.23,3.22,3.14,3.11,3.01,3.42,3.17,3.17,,
2022-07-20,8146.0,1.92,2.29,2.51,3.04,3.18,3.25,3.25,3.18,3.15,3.04,3.43,3.17,3.17,,
2022-07-21,8147.0,2.15,2.3,2.48,3.0,3.11,3.1,3.07,3.0,2.99,2.91,3.33,3.08,3.08,,
2022-07-22,8148.0,2.15,2.29,2.49,2.97,3.01,2.98,2.93,2.87,2.85,2.77,3.23,3.0,3.0,,
2022-07-25,8149.0,2.14,2.31,2.62,3.06,3.07,3.0,2.98,2.89,2.89,2.81,3.28,3.04,3.04,,
2022-07-26,8150.0,2.17,2.35,2.55,3.01,3.06,3.02,3.01,2.89,2.88,2.81,3.27,3.03,3.03,,
2022-07-27,8151.0,2.14,2.3,2.44,2.93,3.0,2.96,2.93,2.82,2.83,2.78,3.26,3.03,3.03,,
2022-07-28,8152.0,2.2,2.3,2.42,2.9,2.93,2.85,2.81,2.69,2.69,2.68,3.23,3.02,3.02,,
2022-07-29,8153.0,2.22,2.28,2.41,2.91,2.98,2.89,2.83,2.7,2.7,2.67,3.2,3.0,3.0,,
2022-08-01,8154.0,2.22,2.33,2.56,2.96,2.98,2.9,2.82,2.66,2.64,2.6,3.12,2.92,2.92,,
2022-08-02,8155.0,2.22,2.33,2.56,3.0,3.09,3.06,3.02,2.85,2.82,2.75,3.22,3.0,3.0,,
2022-08-03,8156.0,2.2,2.29,2.52,3.0,3.14,3.1,3.04,2.86,2.81,2.73,3.17,2.96,2.96,,
2022-08-04,8157.0,2.19,2.36,2.5,2.98,3.11,3.03,2.95,2.76,2.73,2.68,3.15,2.97,2.97,,
2022-08-05,8158.0,2.21,2.39,2.58,3.1,3.29,3.24,3.18,2.97,2.91,2.83,3.27,3.06,3.06,,
2022-08-08,8159.0,2.23,2.43,2.65,3.15,3.3,3.21,3.14,2.91,2.85,2.77,3.22,3.0,3.0,,
2022-08-09,8160.0,2.23,2.43,2.67,3.16,3.33,3.28,3.2,2.97,2.89,2.8,3.24,3.01,3.01,,
2022-08-10,8161.0,2.24,2.43,2.65,3.13,3.26,3.23,3.13,2.93,2.86,2.78,3.27,3.04,3.04,,
2022-08-11,8162.0,2.24,2.51,2.62,3.08,3.25,3.23,3.16,2.98,2.94,2.87,3.38,3.15,3.15,,
2022-08-12,8163.0,2.23,2.5,2.63,3.13,3.26,3.25,3.18,2.97,2.92,2.84,3.34,3.12,3.12,,
2022-08-15,8164.0,2.27,2.53,2.72,3.13,3.23,3.2,3.14,2.91,2.86,2.79,3.31,3.1,3.1,,
2022-08-16,8165.0,2.26,2.51,2.7,3.12,3.26,3.25,3.19,2.95,2.9,2.82,3.31,3.11,3.11,,
2022-08-17,8166.0,2.22,2.51,2.68,3.15,3.27,3.28,3.27,3.04,2.99,2.89,3.37,3.15,3.15,,
2022-08-18,8167.0,2.23,2.56,2.71,3.12,3.24,3.22,3.23,3.02,2.97,2.88,3.35,3.14,3.14,,
2022-08-19,8168.0,2.23,2.6,2.74,3.16,3.26,3.25,3.28,3.11,3.06,2.98,3.44,3.22,3.22,,
2022-08-22,8169.0,2.27,2.6,2.82,3.23,3.32,3.32,3.36,3.17,3.12,3.03,3.48,3.24,3.24,,
2022-08-23,8170.0,2.28,2.6,2.8,3.21,3.29,3.29,3.35,3.18,3.14,3.05,3.49,3.26,3.26,,
2022-08-24,8171.0,2.29,2.62,2.82,3.28,3.35,3.36,3.4,3.2,3.2,3.11,3.55,3.32,3.32,,
2022-08-25,8172.0,2.42,2.7,2.88,3.25,3.33,3.35,3.37,3.15,3.11,3.03,3.47,3.25,3.25,,
2022-08-26,8173.0,2.39,2.69,2.89,3.26,3.36,3.37,3.4,3.2,3.14,3.04,3.44,3.21,3.21,,
2022-08-29,8174.0,2.45,2.75,2.97,3.32,3.43,3.42,3.45,3.27,3.21,3.12,3.5,3.25,3.25,,
2022-08-30,8175.0,2.43,2.73,2.97,3.31,3.48,3.46,3.47,3.27,3.22,3.11,3.49,3.23,3.23,,
2022-08-31,8176.0,2.4,2.72,2.96,3.32,3.5,3.45,3.46,3.3,3.25,3.15,3.53,3.27,3.27,,
2022-09-01,8177.0,2.53,2.8,2.97,3.34,3.51,3.51,3.54,3.39,3.36,3.26,3.64,3.37,3.37,,
2022-09-02,8178.0,2.49,2.79,2.94,3.33,3.47,3.4,3.44,3.3,3.29,3.2,3.61,3.35,3.35,,
2022-09-06,8179.0,2.44,2.82,3.04,3.4,3.61,3.5,3.55,3.43,3.41,3.33,3.74,3.49,3.49,,
2022-09-07,8180.0,2.3,2.8,3.07,3.42,3.6,3.45,3.5,3.37,3.35,3.27,3.67,3.42,3.42,,
2022-09-08,8181.0,2.57,2.86,3.06,3.44,3.6,3.48,3.54,3.39,3.37,3.29,3.69,3.45,3.45,,
2022-09-09,8182.0,2.57,2.88,3.08,3.52,3.67,3.56,3.61,3.45,3.42,3.33,3.71,3.47,3.47,,
2022-09-12,8183.0,2.62,2.93,3.17,3.56,3.7,3.58,3.6,3.47,3.45,3.37,3.76,3.53,3.53,,
2022-09-13,8184.0,2.55,2.95,3.28,3.75,3.92,3.75,3.75,3.58,3.53,3.42,3.75,3.51,3.51,,
2022-09-14,8185.0,2.54,2.95,3.24,3.76,3.95,3.78,3.79,3.6,3.52,3.41,3.73,3.47,3.47,,
2022-09-15,8186.0,2.76,3.03,3.22,3.78,4.0,3.87,3.85,3.66,3.59,3.45,3.75,3.48,3.48,,
2022-09-16,8187.0,2.68,3.01,3.2,3.77,3.96,3.85,3.81,3.62,3.56,3.45,3.79,3.52,3.52,,
2022-09-19,8188.0,2.62,3.02,3.37,3.87,4.05,3.95,3.9,3.69,3.62,3.49,3.77,3.52,3.52,,
2022-09-20,8189.0,2.57,3.05,3.35,3.86,4.03,3.96,3.94,3.75,3.69,3.57,3.83,3.59,3.59,,
2022-09-21,8190.0,2.59,3.06,3.31,3.86,4.08,4.02,3.98,3.74,3.65,3.51,3.73,3.5,3.5,,
2022-09-22,8191.0,2.73,3.09,3.29,3.87,4.08,4.11,4.12,3.91,3.84,3.7,3.9,3.65,3.65,,
2022-09-23,8192.0,2.67,3.07,3.24,3.85,4.15,4.2,4.21,3.96,3.85,3.69,3.87,3.61,3.61,,
2022-09-26,8193.0,2.73,3.14,3.39,3.95,4.17,4.27,4.37,4.15,4.06,3.88,4.01,3.72,3.72,,
2022-09-27,8194.0,2.71,3.14,3.35,3.91,4.16,4.3,4.39,4.21,4.14,3.97,4.15,3.87,3.87,,
2022-09-28,8195.0,2.63,3.14,3.4,3.87,3.99,4.07,4.12,3.92,3.83,3.72,3.98,3.7,3.7,,
2022-09-29,8196.0,2.78,3.2,3.36,3.87,3.98,4.16,4.19,3.98,3.89,3.76,4.0,3.71,3.71,,
2022-09-30,8197.0,2.79,3.2,3.33,3.92,4.05,4.22,4.25,4.06,3.97,3.83,4.08,3.79,3.79,,
2022-10-03,8198.0,2.87,3.26,3.46,3.97,4.01,4.12,4.12,3.9,3.79,3.67,4.0,3.73,3.73,,
2022-10-04,8199.0,2.91,3.23,3.45,3.98,4.15,4.1,4.08,3.84,3.73,3.62,3.95,3.7,3.7,,
2022-10-05,8200.0,2.89,3.22,3.46,4.0,4.14,4.15,4.17,3.96,3.87,3.76,4.05,3.78,3.78,,
2022-10-06,8201.0,3.05,3.34,3.46,4.04,4.19,4.23,4.24,4.05,3.95,3.83,4.08,3.81,3.81,,
2022-10-07,8202.0,3.03,3.34,3.45,4.09,4.24,4.3,4.33,4.14,4.03,3.89,4.13,3.86,3.86,,
2022-10-11,8203.0,3.07,3.43,3.67,4.17,4.28,4.3,4.31,4.14,4.06,3.93,4.19,3.92,3.92,,
2022-10-12,8204.0,3.07,3.45,3.7,4.16,4.28,4.28,4.29,4.12,4.03,3.91,4.18,3.9,3.9,,
2022-10-13,8205.0,3.35,3.6,3.79,4.3,4.46,4.47,4.44,4.21,4.11,3.97,4.25,3.97,3.97,,
2022-10-14,8206.0,3.3,3.61,3.81,4.31,4.5,4.48,4.47,4.25,4.15,4.0,4.26,3.99,3.99,,
2022-10-17,8207.0,3.3,3.66,3.97,4.38,4.5,4.45,4.45,4.24,4.15,4.02,4.29,4.04,4.04,,
2022-10-18,8208.0,3.25,3.7,4.04,4.39,4.5,4.43,4.43,4.21,4.12,4.01,4.27,4.04,4.04,,
2022-10-19,,3.31,3.72,4.07,4.45,4.6,4.55,4.56,4.35,4.26,4.14,4.38,4.15,4.15,4.32,
2022-10-20,,3.58,3.83,4.09,4.48,4.66,4.62,4.66,4.45,4.36,4.24,4.47,4.24,4.24,4.33,
2022-10-21,,3.55,3.78,4.09,4.43,4.58,4.49,4.52,4.34,4.28,4.21,4.54,4.33,4.33,4.31,
2022-10-24,,3.57,3.83,4.16,4.52,4.61,4.5,4.52,4.36,4.31,4.25,4.59,4.4,4.4,4.33,
2022-10-25,,3.56,3.81,4.14,4.5,4.6,4.42,4.45,4.25,4.17,4.1,4.45,4.26,4.26,4.32,
2022-10-26,,3.54,3.85,4.11,4.47,4.54,4.39,4.41,4.2,4.12,4.04,4.38,4.19,4.19,4.27,
2022-10-27,,3.76,3.95,4.13,4.44,4.5,4.3,4.29,4.09,4.01,3.96,4.32,4.12,4.12,4.27,
2022-10-28,,3.75,3.95,4.18,4.51,4.55,4.41,4.38,4.19,4.1,4.02,4.38,4.15,4.15,4.3,
2022-10-31,,3.73,4.0,4.22,4.57,4.66,4.51,4.45,4.27,4.18,4.1,4.44,4.22,4.22,4.33,
2022-11-01,,3.72,4.0,4.23,4.58,4.75,4.54,4.48,4.27,4.18,4.07,4.37,4.14,4.14,4.35,
2022-11-02,,3.7,4.01,4.22,4.57,4.76,4.61,4.54,4.3,4.2,4.1,4.41,4.15,4.15,4.38,
2022-11-03,,3.75,4.04,4.25,4.57,4.78,4.71,4.63,4.36,4.26,4.14,4.42,4.18,4.18,4.38,
2022-11-04,,3.73,4.0,4.21,4.55,4.76,4.66,4.58,4.33,4.26,4.17,4.49,4.27,4.27,4.36,
2022-11-07,,3.78,4.04,4.29,4.62,4.8,4.72,4.63,4.39,4.31,4.22,4.55,4.34,4.34,4.39,
2022-11-08,,3.66,4.04,4.28,4.6,4.77,4.67,4.55,4.31,4.22,4.14,4.47,4.28,4.28,4.39,
2022-11-09,,3.65,4.05,4.29,4.59,4.75,4.61,4.49,4.27,4.2,4.12,4.5,4.31,4.31,4.4,
2022-11-10,,3.71,4.0,4.28,4.52,4.59,4.34,4.17,3.95,3.89,3.82,4.24,4.03,4.03,4.36,
2022-11-14,,3.72,4.05,4.34,4.55,4.63,4.4,4.24,4.0,3.95,3.88,4.28,4.07,4.07,4.38,
2022-11-15,,3.77,4.1,4.31,4.54,4.6,4.37,4.17,3.93,3.88,3.8,4.2,3.98,3.98,4.4,
2022-11-16,,3.81,4.15,4.32,4.54,4.62,4.35,4.13,3.83,3.77,3.67,4.03,3.85,3.85,4.43,
2022-11-17,,3.93,4.2,4.32,4.57,4.68,4.43,4.22,3.93,3.87,3.77,4.1,3.89,3.89,4.44,
2022-11-18,,3.93,4.23,4.34,4.61,4.74,4.51,4.28,3.99,3.92,3.82,4.13,3.92,3.92,4.46,
2022-11-21,,3.97,4.24,4.41,4.65,4.75,4.48,4.32,3.97,3.94,3.83,4.14,3.91,3.91,4.47,
2022-11-22,,3.97,4.26,4.4,4.68,4.79,4.47,4.27,3.93,3.86,3.76,4.05,3.83,3.83,4.49,
2022-11-23,,4.12,4.29,4.4,4.67,4.75,4.46,4.23,3.88,3.81,3.71,3.97,3.74,3.74,4.5,
2022-11-25,,4.16,4.33,4.41,4.67,4.76,4.42,4.2,3.85,3.78,3.68,3.97,3.74,3.74,4.52,
2022-11-28,,4.11,4.29,4.41,4.72,4.76,4.46,4.22,3.88,3.8,3.69,3.97,3.74,3.74,4.52,
2022-11-29,,4.08,4.26,4.38,4.72,4.78,4.48,4.24,3.92,3.85,3.75,4.02,3.81,3.81,4.51,
2022-11-30,,4.07,4.25,4.37,4.7,4.74,4.38,4.13,3.82,3.76,3.68,4.0,3.8,3.8,4.55,
2022-12-01,,4.04,4.24,4.33,4.65,4.66,4.25,3.98,3.68,3.62,3.53,3.85,3.64,3.64,4.52,
2022-12-02,,3.91,4.25,4.34,4.65,4.69,4.28,3.99,3.67,3.61,3.51,3.79,3.56,3.56,4.52,
2022-12-05,,3.93,4.25,4.36,4.73,4.77,4.41,4.13,3.8,3.72,3.6,3.84,3.62,3.62,4.56,
2022-12-06,,3.87,4.19,4.37,4.74,4.73,4.34,4.07,3.73,3.64,3.51,3.77,3.52,3.52,4.54,
2022-12-07,,3.79,4.1,4.29,4.72,4.67,4.26,3.97,3.62,3.54,3.42,3.66,3.42,3.42,4.53,
2022-12-08,,3.75,4.11,4.28,4.71,4.71,4.31,4.04,3.71,3.63,3.48,3.71,3.44,3.44,4.53,
2022-12-09,,3.81,4.13,4.31,4.72,4.72,4.33,4.07,3.75,3.69,3.57,3.82,3.56,3.56,4.54,
2022-12-12,,3.86,4.18,4.38,4.78,4.75,4.39,4.1,3.8,3.73,3.61,3.84,3.57,3.57,4.6,
2022-12-13,,3.89,4.16,4.35,4.7,4.64,4.22,3.96,3.66,3.6,3.51,3.74,3.53,3.53,4.58,
2022-12-14,,3.91,4.14,4.33,4.68,4.64,4.23,3.94,3.64,3.59,3.49,3.74,3.52,3.52,4.58,
2022-12-15,,3.95,4.24,4.34,4.7,4.65,4.23,3.96,3.62,3.56,3.44,3.69,3.48,3.48,4.56,
2022-12-16,,3.94,4.22,4.31,4.68,4.61,4.17,3.91,3.61,3.58,3.48,3.73,3.53,3.53,4.54,
2022-12-19,,3.95,4.24,4.37,4.71,4.64,4.25,3.99,3.7,3.67,3.57,3.82,3.62,3.62,4.57,
2022-12-20,,3.89,4.23,4.35,4.7,4.64,4.25,4.03,3.79,3.78,3.69,3.94,3.74,3.74,4.55,
2022-12-21,,3.9,4.23,4.33,4.67,4.6,4.21,4.0,3.78,3.77,3.68,3.93,3.74,3.74,4.57,
2022-12-22,,3.8,4.2,4.35,4.66,4.64,4.24,4.02,3.79,3.77,3.67,3.91,3.73,3.73,4.57,
2022-12-23,,3.8,4.2,4.34,4.67,4.66,4.31,4.09,3.86,3.83,3.75,3.99,3.82,3.82,4.59,
2022-12-27,,3.87,4.32,4.46,4.76,4.75,4.32,4.17,3.94,3.93,3.84,4.1,3.93,3.93,4.66,
2022-12-28,,3.86,4.33,4.46,4.75,4.71,4.31,4.18,3.97,3.97,3.88,4.13,3.98,3.98,4.66,
2022-12-29,,4.04,4.39,4.45,4.73,4.71,4.34,4.16,3.94,3.91,3.83,4.09,3.92,3.92,4.66,
2022-12-30,,4.12,4.41,4.42,4.76,4.73,4.41,4.22,3.99,3.96,3.88,4.14,3.97,3.97,4.69,
2023-01-03,,4.17,4.42,4.53,4.77,4.72,4.4,4.18,3.94,3.89,3.79,4.06,3.88,3.88,4.7,
2023-01-04,,4.2,4.42,4.55,4.77,4.71,4.36,4.11,3.85,3.79,3.69,3.97,3.81,3.81,4.69,
2023-01-05,,4.3,4.55,4.66,4.81,4.78,4.45,4.18,3.9,3.82,3.71,3.96,3.78,3.78,4.75,
2023-01-06,,4.32,4.55,4.67,4.79,4.71,4.24,3.96,3.69,3.63,3.55,3.84,3.67,3.67,4.74,
2023-01-09,,4.37,4.58,4.7,4.83,4.69,4.19,3.93,3.66,3.6,3.53,3.83,3.66,3.66,4.74,
2023-01-10,,4.41,4.62,4.73,4.85,4.74,4.24,3.94,3.72,3.67,3.61,3.91,3.74,3.74,4.77,
2023-01-11,,4.42,4.62,4.72,4.84,4.73,4.2,3.9,3.66,3.61,3.54,3.84,3.67,3.67,4.82,
2023-01-12,,4.57,4.59,4.66,4.76,4.66,4.12,3.79,3.53,3.48,3.43,3.73,3.56,3.56,4.74,
2023-01-13,,4.58,4.59,4.67,4.77,4.69,4.22,3.88,3.6,3.55,3.49,3.79,3.61,3.61,4.73,
2023-01-17,,4.6,4.63,4.71,4.82,4.67,4.18,3.86,3.6,3.57,3.53,3.81,3.64,3.64,4.74,
2023-01-18,,4.59,4.62,4.69,4.79,4.63,4.06,3.72,3.43,3.4,3.37,3.65,3.54,3.54,4.74,
2023-01-19,,4.69,4.66,4.71,4.79,4.65,4.09,3.76,3.48,3.43,3.39,3.69,3.57,3.57,4.74,
2023-01-20,,4.69,4.64,4.72,4.8,4.68,4.14,3.83,3.56,3.51,3.48,3.77,3.66,3.66,4.75,
2023-01-23,,4.69,4.65,4.73,4.82,4.7,4.21,3.88,3.61,3.56,3.52,3.8,3.69,3.69,4.76,
2023-01-24,,4.7,4.67,4.72,4.84,4.7,4.12,3.86,3.58,3.52,3.46,3.73,3.62,3.62,4.75,
2023-01-25,,4.67,4.65,4.72,4.79,4.67,4.11,3.84,3.54,3.51,3.46,3.74,3.62,3.62,4.75,
2023-01-26,,4.61,4.65,4.71,4.79,4.68,4.17,3.88,3.58,3.54,3.49,3.75,3.62,3.62,4.76,
2023-01-27,,4.61,4.64,4.73,4.81,4.68,4.19,3.9,3.62,3.58,3.52,3.77,3.64,3.64,4.76,
2023-01-30,,4.6,4.64,4.72,4.82,4.71,4.25,3.96,3.68,3.62,3.55,3.79,3.66,3.66,4.76,
2023-01-31,,4.58,4.64,4.7,4.8,4.68,4.21,3.9,3.63,3.59,3.52,3.78,3.65,3.65,4.74,
2023-02-01,,4.59,4.63,4.66,4.79,4.66,4.09,3.75,3.48,3.43,3.39,3.67,3.55,3.55,4.77,
2023-02-02,,4.62,4.65,4.66,4.76,4.64,4.09,3.75,3.49,3.44,3.4,3.67,3.55,3.55,4.75,
2023-02-03,,4.61,4.67,4.7,4.82,4.79,4.3,3.96,3.67,3.61,3.53,3.77,3.63,3.63,4.8,
2023-02-06,,4.61,4.67,4.71,4.89,4.85,4.44,4.1,3.81,3.73,3.63,3.82,3.67,3.67,4.81,
2023-02-07,,4.62,4.68,4.71,4.89,4.88,4.47,4.11,3.85,3.78,3.67,3.87,3.72,3.72,4.8,
2023-02-08,,4.64,4.69,4.72,4.88,4.87,4.45,4.08,3.82,3.75,3.63,3.86,3.7,3.7,4.85,
2023-02-09,,4.66,4.77,4.77,4.9,4.88,4.48,4.15,3.87,3.79,3.67,3.9,3.75,3.75,4.87,
2023-02-10,,4.66,4.77,4.79,4.89,4.89,4.5,4.19,3.93,3.86,3.74,3.96,3.83,3.83,4.89,
2023-02-13,,4.66,4.78,4.81,4.99,4.91,4.52,4.22,3.93,3.84,3.72,3.92,3.79,3.79,4.9,
2023-02-14,,4.63,4.78,4.8,4.98,4.99,4.6,4.32,4.0,3.9,3.77,3.94,3.81,3.81,4.91,
2023-02-15,,4.64,4.79,4.79,4.97,4.96,4.62,4.35,4.04,3.94,3.81,3.97,3.85,3.85,4.94,
2023-02-16,,4.66,4.8,4.84,4.98,4.99,4.62,4.35,4.06,3.98,3.86,4.05,3.92,3.92,4.95,
2023-02-17,,4.64,4.81,4.84,4.99,5.0,4.6,4.33,4.03,3.95,3.82,4.01,3.88,3.88,4.95,
2023-02-21,,4.63,4.83,4.86,5.07,5.07,4.67,4.44,4.16,4.08,3.95,4.12,3.98,3.98,4.98,
2023-02-22,,4.62,4.81,4.84,5.08,5.07,4.66,4.43,4.13,4.07,3.93,4.09,3.94,3.94,5.0,
2023-02-23,,4.66,4.83,4.84,5.05,5.03,4.66,4.4,4.09,4.02,3.88,4.04,3.88,3.88,5.0,
2023-02-24,,4.68,4.83,4.86,5.06,5.05,4.78,4.52,4.19,4.1,3.95,4.11,3.93,3.93,5.02,
2023-02-27,,4.67,4.83,4.89,5.18,5.03,4.78,4.49,4.17,4.08,3.92,4.11,3.93,3.93,5.02,
2023-02-28,,4.65,4.81,4.88,5.17,5.02,4.81,4.51,4.18,4.07,3.92,4.1,3.93,3.93,5.0,
2023-03-01,,4.67,4.82,4.9,5.2,5.06,4.89,4.61,4.27,4.17,4.01,4.17,3.97,3.97,5.02,
2023-03-02,,4.75,4.8,4.91,5.18,5.04,4.89,4.63,4.32,4.24,4.08,4.24,4.03,4.03,5.02,
2023-03-03,,4.75,4.79,4.91,5.18,5.03,4.86,4.6,4.26,4.15,3.97,4.12,3.9,3.9,5.01,
2023-03-06,,4.75,4.79,4.93,5.22,5.05,4.89,4.61,4.27,4.16,3.98,4.14,3.92,3.92,5.02,
2023-03-07,,4.8,4.88,5.04,5.32,5.22,5.0,4.66,4.31,4.17,3.97,4.11,3.88,3.88,5.12,
2023-03-08,,4.77,4.88,5.06,5.34,5.25,5.05,4.71,4.34,4.19,3.98,4.11,3.88,3.88,5.21,
2023-03-09,,4.83,4.96,5.05,5.32,5.18,4.9,4.56,4.22,4.1,3.93,4.09,3.88,3.88,5.19,
2023-03-10,,4.81,4.91,5.01,5.17,4.9,4.6,4.31,3.96,3.86,3.7,3.9,3.7,3.7,5.08,
2023-03-13,,4.62,4.81,4.87,4.81,4.3,4.03,3.88,3.68,3.65,3.55,3.85,3.7,3.7,4.87,
2023-03-14,,4.47,4.77,4.88,4.93,4.45,4.2,4.05,3.78,3.74,3.64,3.91,3.77,3.77,4.95,
2023-03-15,,4.23,4.56,4.75,4.73,4.19,3.93,3.83,3.59,3.57,3.51,3.82,3.7,3.7,4.85,
2023-03-16,,4.22,4.66,4.74,4.94,4.49,4.14,3.99,3.72,3.67,3.56,3.87,3.71,3.71,4.92,
2023-03-17,,4.31,4.51,4.52,4.71,4.26,3.81,3.68,3.44,3.45,3.39,3.76,3.6,3.6,4.79,
2023-03-20,,4.34,4.56,4.81,4.8,4.34,3.92,3.77,3.56,3.55,3.47,3.83,3.65,3.65,4.84,
2023-03-21,,4.07,4.5,4.78,4.96,4.68,4.17,3.98,3.73,3.68,3.59,3.9,3.73,3.73,4.89,
2023-03-22,,4.16,4.56,4.79,4.95,4.56,3.96,3.76,3.54,3.53,3.48,3.83,3.68,3.68,4.91,
2023-03-23,,4.26,4.48,4.73,4.8,4.38,3.76,3.57,3.39,3.39,3.38,3.78,3.66,3.66,4.84,
2023-03-24,,4.28,4.48,4.74,4.76,4.32,3.76,3.58,3.41,3.4,3.38,3.77,3.64,3.64,4.78,
2023-03-27,,4.22,4.47,4.91,4.86,4.51,3.94,3.79,3.59,3.57,3.53,3.9,3.77,3.77,4.9,
2023-03-28,,4.24,4.39,4.8,4.9,4.55,4.02,3.84,3.63,3.6,3.55,3.9,3.77,3.77,4.86,
2023-03-29,,4.34,4.5,4.8,4.92,4.59,4.08,3.87,3.67,3.62,3.57,3.91,3.78,3.78,4.91,
2023-03-30,,4.74,4.77,4.97,4.92,4.63,4.1,3.87,3.66,3.61,3.55,3.88,3.74,3.74,4.94,
2023-03-31,,4.74,4.79,4.85,4.94,4.64,4.06,3.81,3.6,3.55,3.48,3.81,3.67,3.67,4.97,
2023-04-03,,4.7,4.79,4.9,4.88,4.6,3.97,3.73,3.52,3.48,3.43,3.78,3.64,3.64,4.98,
2023-04-04,,4.66,4.8,4.88,4.8,4.5,3.84,3.6,3.39,3.38,3.35,3.72,3.6,3.6,4.9,
2023-04-05,,4.62,4.77,4.86,4.82,4.43,3.79,3.55,3.36,3.34,3.3,3.67,3.56,3.56,4.9,
2023-04-06,,4.57,4.85,4.91,4.93,4.51,3.82,3.59,3.37,3.34,3.3,3.66,3.54,3.54,4.98,
2023-04-07,,4.56,4.9,4.95,4.95,4.61,3.97,3.72,3.49,3.45,3.39,3.73,3.61,3.61,5.07,
2023-04-10,,4.53,4.89,5.08,4.98,4.65,4.0,3.75,3.52,3.47,3.41,3.74,3.62,3.62,5.08,
2023-04-11,,4.27,4.89,5.04,4.99,4.67,4.03,3.76,3.54,3.48,3.43,3.75,3.62,3.62,5.06,
2023-04-12,,4.27,4.89,5.02,4.98,4.64,3.95,3.68,3.46,3.43,3.41,3.75,3.64,3.64,5.1,
2023-04-13,,4.08,4.96,5.1,4.95,4.66,3.96,3.7,3.51,3.48,3.45,3.8,3.69,3.69,5.1,
2023-04-14,,4.29,4.98,5.14,5.03,4.77,4.08,3.83,3.6,3.56,3.52,3.85,3.74,3.74,5.16,
2023-04-17,,4.09,5.04,5.21,5.07,4.8,4.18,3.92,3.69,3.64,3.6,3.92,3.81,3.81,5.24,
2023-04-18,,3.89,5.04,5.2,5.09,4.81,4.19,3.92,3.69,3.63,3.58,3.91,3.79,3.79,5.19,
2023-04-19,,3.95,5.03,5.16,5.1,4.84,4.24,3.97,3.71,3.66,3.6,3.9,3.79,3.79,5.22,
2023-04-20,,3.4,5.04,5.12,5.06,4.77,4.14,3.87,3.63,3.59,3.54,3.87,3.75,3.75,5.17,
2023-04-21,,3.36,4.98,5.14,5.07,4.78,4.17,3.89,3.66,3.62,3.57,3.9,3.78,3.78,5.19,
2023-04-24,,3.54,5.09,5.2,5.06,4.76,4.12,3.84,3.6,3.56,3.52,3.85,3.73,3.73,5.15,
2023-04-25,,4.11,5.05,5.12,4.98,4.6,3.86,3.62,3.43,3.42,3.4,3.77,3.65,3.65,5.11,
2023-04-26,,3.91,5.07,5.16,5.0,4.64,3.9,3.65,3.46,3.45,3.43,3.81,3.7,3.7,5.17,
2023-04-27,,4.27,5.13,5.18,5.05,4.78,4.07,3.82,3.6,3.57,3.53,3.88,3.76,3.76,5.21,
2023-04-28,,4.35,5.14,5.1,5.06,4.8,4.04,3.75,3.51,3.49,3.44,3.8,3.67,3.67,5.2,
2023-05-01,,4.49,5.17,5.27,5.14,4.86,4.14,3.85,3.64,3.62,3.59,3.95,3.84,3.84,5.22,
2023-05-02,,4.56,5.33,5.24,5.06,4.74,3.97,3.67,3.46,3.44,3.44,3.82,3.72,3.72,5.19,
2023-05-03,,4.7,5.33,5.26,5.08,4.7,3.89,3.58,3.37,3.37,3.38,3.79,3.7,3.7,5.25,
2023-05-04,,5.76,5.24,5.26,5.04,4.59,3.75,3.47,3.29,3.32,3.37,3.8,3.73,3.73,5.23,
2023-05-05,,5.59,5.23,5.26,5.13,4.73,3.92,3.63,3.41,3.41,3.44,3.85,3.76,3.76,5.26,
2023-05-08,,5.51,5.17,5.31,5.14,4.79,4.0,3.7,3.49,3.5,3.52,3.92,3.84,3.84,5.26,
2023-05-09,,5.56,5.16,5.29,5.18,4.81,4.01,3.67,3.51,3.51,3.53,3.94,3.85,3.85,5.27,
2023-05-10,,5.5,4.99,5.24,5.13,4.7,3.9,3.55,3.37,3.4,3.43,3.88,3.8,3.8,5.24,
2023-05-11,,5.81,4.82,5.2,5.14,4.7,3.89,3.56,3.36,3.37,3.39,3.82,3.73,3.73,5.23,
2023-05-12,,5.79,4.87,5.25,5.16,4.75,3.98,3.65,3.45,3.45,3.46,3.87,3.78,3.78,5.27,
2023-05-15,,5.64,4.97,5.21,5.24,4.73,3.99,3.67,3.46,3.48,3.5,3.92,3.84,3.84,5.26,
2023-05-16,,5.58,4.98,5.23,5.26,4.88,4.06,3.74,3.52,3.53,3.54,3.96,3.87,3.87,5.24,
2023-05-17,,5.5,5.06,5.26,5.3,4.92,4.12,3.8,3.58,3.58,3.57,3.96,3.88,3.88,5.36,
2023-05-18,,5.59,5.22,5.31,5.38,5.02,4.24,3.94,3.69,3.67,3.65,4.02,3.91,3.91,5.43,
2023-05-19,,5.62,5.27,5.29,5.36,5.02,4.28,3.98,3.76,3.74,3.7,4.07,3.95,3.95,5.46,
2023-05-22,,5.69,5.35,5.4,5.43,5.07,4.29,3.98,3.77,3.74,3.72,4.09,3.97,3.97,5.5,
2023-05-23,,5.67,5.26,5.34,5.39,5.06,4.26,3.99,3.76,3.73,3.7,4.08,3.96,3.96,5.42,
2023-05-24,,5.73,5.22,5.37,5.42,5.12,4.31,4.04,3.75,3.76,3.73,4.1,3.97,3.97,5.52,
2023-05-25,,5.95,5.44,5.38,5.46,5.24,4.5,4.21,3.9,3.86,3.83,4.16,4.01,4.01,5.55,
2023-05-26,,6.02,5.47,5.34,5.44,5.25,4.54,4.23,3.92,3.86,3.8,4.13,3.96,3.96,5.55,
2023-05-30,,5.31,5.31,5.55,5.52,5.22,4.46,4.1,3.81,3.75,3.69,4.06,3.9,3.9,5.54,
2023-05-31,,5.28,5.37,5.52,5.46,5.18,4.4,4.04,3.74,3.69,3.64,4.01,3.85,3.85,5.53,
2023-06-01,,5.3,5.39,5.5,5.44,5.11,4.33,3.98,3.7,3.66,3.61,3.98,3.84,3.84,5.5,
2023-06-02,,5.28,5.39,5.5,5.5,5.22,4.5,4.13,3.84,3.78,3.69,4.03,3.88,3.88,5.52,
2023-06-05,,5.25,5.35,5.46,5.46,5.17,4.46,4.1,3.82,3.77,3.69,4.03,3.89,3.89,5.47,
2023-06-06,,5.15,5.26,5.44,5.44,5.2,4.51,4.15,3.85,3.78,3.7,4.02,3.87,3.87,5.44,
2023-06-07,,5.07,5.26,5.42,5.43,5.16,4.56,4.21,3.93,3.88,3.79,4.12,3.95,3.95,5.42,
2023-06-08,,5.25,5.29,5.38,5.39,5.12,4.52,4.17,3.87,3.8,3.73,4.05,3.89,3.89,5.42,
2023-06-09,,5.25,5.32,5.37,5.39,5.17,4.59,4.23,3.92,3.84,3.75,4.05,3.89,3.89,5.45,
2023-06-12,,5.24,5.31,5.4,5.38,5.18,4.55,4.16,3.89,3.82,3.73,4.04,3.87,3.87,5.43,
2023-06-13,,5.19,5.24,5.36,5.36,5.26,4.67,4.3,4.01,3.94,3.84,4.12,3.94,3.94,5.37,
2023-06-14,,5.18,5.25,5.36,5.36,5.27,4.74,4.37,4.06,3.95,3.83,4.09,3.9,3.9,5.37,
2023-06-15,,5.18,5.25,5.33,5.33,5.21,4.62,4.23,3.91,3.82,3.72,4.02,3.85,3.85,5.37,
2023-06-16,,5.18,5.27,5.34,5.35,5.24,4.7,4.32,3.99,3.88,3.77,4.05,3.86,3.86,5.38,
2023-06-20,,5.17,5.26,5.39,5.41,5.24,4.68,4.29,3.96,3.85,3.74,4.01,3.83,3.83,5.39,
2023-06-21,,5.16,5.27,5.4,5.41,5.25,4.68,4.29,3.95,3.84,3.72,3.99,3.81,3.81,5.44,
2023-06-22,,5.18,5.31,5.4,5.41,5.29,4.77,4.37,4.03,3.92,3.8,4.06,3.88,3.88,5.44,
2023-06-23,,5.17,5.3,5.41,5.41,5.25,4.71,4.32,3.99,3.88,3.74,4.01,3.82,3.82,5.44,
2023-06-26,,5.17,5.31,5.5,5.45,5.27,4.65,4.3,3.96,3.85,3.72,4.01,3.83,3.83,5.44,
2023-06-27,,5.17,5.31,5.44,5.46,5.33,4.74,4.38,4.02,3.9,3.77,4.03,3.84,3.84,5.44,
2023-06-28,,5.17,5.32,5.44,5.47,5.32,4.71,4.32,3.97,3.83,3.71,4.0,3.81,3.81,5.49,
2023-06-29,,5.25,5.4,5.46,5.5,5.41,4.87,4.49,4.14,3.99,3.85,4.11,3.92,3.92,5.51,
2023-06-30,,5.24,5.39,5.43,5.47,5.4,4.87,4.49,4.13,3.97,3.81,4.06,3.85,3.85,5.5,
2023-07-03,,5.27,5.4,5.44,5.53,5.43,4.94,4.56,4.19,4.03,3.86,4.08,3.87,3.87,5.52,
2023-07-05,,5.28,5.38,5.44,5.52,5.4,4.94,4.59,4.25,4.11,3.95,4.17,3.95,3.95,5.51,
2023-07-06,,5.32,5.47,5.46,5.54,5.44,4.99,4.68,4.37,4.22,4.05,4.23,4.01,4.01,5.52,
2023-07-07,,5.32,5.47,5.46,5.53,5.41,4.94,4.64,4.35,4.23,4.06,4.27,4.05,4.05,5.52,
2023-07-10,,5.34,5.47,5.48,5.54,5.38,4.85,4.54,4.25,4.14,4.01,4.24,4.05,4.05,5.53,
2023-07-11,,5.35,5.48,5.49,5.55,5.44,4.88,4.52,4.24,4.13,3.99,4.22,4.03,4.03,5.53,
2023-07-12,,5.36,5.49,5.47,5.53,5.35,4.72,4.36,4.07,3.97,3.86,4.14,3.96,3.96,5.52,
2023-07-13,,5.37,5.5,5.47,5.49,5.27,4.59,4.21,3.93,3.85,3.76,4.07,3.9,3.9,5.51,
2023-07-14,,5.37,5.49,5.49,5.52,5.34,4.74,4.35,4.04,3.94,3.83,4.11,3.93,3.93,5.53,
2023-07-17,,5.37,5.51,5.49,5.52,5.33,4.74,4.34,4.02,3.91,3.81,4.1,3.94,3.94,5.53,
2023-07-18,,5.37,5.5,5.49,5.51,5.32,4.74,4.35,4.0,3.9,3.8,4.08,3.91,3.91,5.53,
2023-07-19,,5.37,5.51,5.49,5.51,5.32,4.74,4.34,3.98,3.87,3.75,4.01,3.84,3.84,5.54,
2023-07-20,,5.44,5.53,5.49,5.52,5.35,4.8,4.43,4.08,3.98,3.85,4.1,3.91,3.91,5.54,
2023-07-21,,5.43,5.54,5.5,5.53,5.35,4.82,4.44,4.09,3.97,3.84,4.1,3.91,3.91,5.54,
2023-07-24,,5.44,5.54,5.51,5.55,5.38,4.81,4.48,4.13,4.0,3.86,4.11,3.92,3.92,5.55,
2023-07-25,,5.46,5.54,5.51,5.57,5.38,4.85,4.53,4.15,4.05,3.91,4.14,3.95,3.95,5.55,
2023-07-26,,5.46,5.53,5.51,5.55,5.37,4.82,4.47,4.09,3.99,3.86,4.12,3.94,3.94,5.57,
2023-07-27,,5.47,5.55,5.51,5.56,5.4,4.91,4.58,4.24,4.13,4.01,4.26,4.06,4.06,5.58,
2023-07-28,,5.47,5.54,5.52,5.54,5.37,4.87,4.52,4.18,4.08,3.96,4.22,4.03,4.03,5.57,
2023-07-31,,5.48,5.54,5.55,5.53,5.37,4.88,4.51,4.18,4.08,3.97,4.22,4.02,4.02,5.56,
2023-08-01,,5.49,5.54,5.54,5.54,5.38,4.92,4.57,4.24,4.15,4.05,4.3,4.11,4.11,5.57,
2023-08-02,,5.48,5.53,5.53,5.52,5.36,4.88,4.54,4.24,4.17,4.08,4.35,4.17,4.17,5.54,
2023-08-03,,5.54,5.52,5.54,5.52,5.37,4.9,4.58,4.3,4.26,4.2,4.49,4.32,4.32,5.53,
2023-08-04,,5.54,5.51,5.54,5.5,5.33,4.78,4.45,4.15,4.1,4.05,4.36,4.21,4.21,5.52,
2023-08-07,,5.54,5.51,5.56,5.53,5.3,4.76,4.44,4.16,4.13,4.09,4.42,4.27,4.27,5.53,
2023-08-08,,5.54,5.53,5.57,5.53,5.35,4.74,4.36,4.1,4.06,4.02,4.35,4.2,4.2,5.52,
2023-08-09,,5.51,5.52,5.55,5.54,5.35,4.79,4.41,4.12,4.07,4.0,4.33,4.18,4.18,5.34,
2023-08-10,,5.55,5.52,5.54,5.52,5.33,4.82,4.47,4.21,4.17,4.09,4.41,4.24,4.24,5.53,
2023-08-11,,5.54,5.51,5.54,5.52,5.36,4.89,4.56,4.31,4.26,4.16,4.45,4.27,4.27,5.54,
2023-08-14,,5.55,5.52,5.56,5.56,5.37,4.96,4.64,4.36,4.29,4.19,4.46,4.29,4.29,5.53,
2023-08-15,,5.53,5.52,5.56,5.55,5.36,4.92,4.64,4.36,4.31,4.21,4.49,4.32,4.32,5.51,
2023-08-16,,5.52,5.53,5.56,5.54,5.37,4.97,4.68,4.42,4.37,4.28,4.55,4.38,4.38,5.54,
2023-08-17,,5.55,5.52,5.56,5.53,5.36,4.94,4.67,4.42,4.38,4.3,4.58,4.41,4.41,5.54,
2023-08-18,,5.53,5.52,5.55,5.52,5.35,4.92,4.63,4.38,4.34,4.26,4.55,4.38,4.38,5.54,
2023-08-21,,5.55,5.53,5.57,5.58,5.37,4.97,4.7,4.46,4.42,4.34,4.64,4.45,4.45,5.55,
2023-08-22,,5.54,5.53,5.57,5.57,5.39,5.02,4.75,4.49,4.44,4.34,4.61,4.42,4.42,5.55,
2023-08-23,,5.54,5.53,5.57,5.55,5.35,4.95,4.64,4.36,4.3,4.19,4.46,4.27,4.27,5.56,
2023-08-24,,5.55,5.53,5.58,5.59,5.39,4.98,4.69,4.39,4.34,4.23,4.49,4.3,4.3,5.57,
2023-08-25,,5.56,5.53,5.61,5.61,5.44,5.03,4.72,4.44,4.37,4.25,4.5,4.3,4.3,5.59,
2023-08-28,,5.56,5.53,5.58,5.56,5.44,4.98,4.69,4.38,4.32,4.2,4.48,4.29,4.29,5.6,
2023-08-29,,5.54,5.53,5.56,5.52,5.37,4.87,4.56,4.26,4.21,4.12,4.42,4.23,4.23,5.57,
2023-08-30,,5.55,5.53,5.56,5.51,5.39,4.9,4.57,4.27,4.22,4.12,4.42,4.23,4.23,5.6,
2023-08-31,,5.52,5.55,5.56,5.48,5.37,4.85,4.54,4.23,4.19,4.09,4.39,4.2,4.2,5.61,
2023-09-01,,5.51,5.55,5.53,5.47,5.36,4.87,4.57,4.29,4.27,4.18,4.48,4.29,4.29,5.58,
2023-09-05,,5.51,5.56,5.55,5.51,5.42,4.94,4.65,4.37,4.35,4.27,4.56,4.38,4.38,5.59,
2023-09-06,,5.52,5.55,5.55,5.52,5.44,5.01,4.73,4.44,4.39,4.3,4.56,4.37,4.37,5.6,
2023-09-07,,5.52,5.56,5.53,5.5,5.4,4.94,4.66,4.38,4.35,4.27,4.55,4.36,4.36,5.59,
2023-09-08,,5.52,5.56,5.55,5.49,5.42,4.98,4.68,4.39,4.35,4.26,4.52,4.33,4.33,5.6,
2023-09-11,,5.52,5.56,5.55,5.51,5.4,4.97,4.64,4.4,4.37,4.29,4.56,4.37,4.37,5.58,
2023-09-12,,5.52,5.56,5.56,5.53,5.42,4.98,4.66,4.41,4.36,4.27,4.54,4.35,4.35,5.58,
2023-09-13,,5.53,5.56,5.55,5.51,5.42,4.96,4.64,4.39,4.34,4.25,4.52,4.34,4.34,5.6,
2023-09-14,,5.52,5.57,5.55,5.5,5.42,5.0,4.68,4.42,4.38,4.29,4.57,4.39,4.39,5.59,
2023-09-15,,5.51,5.56,5.56,5.49,5.43,5.02,4.72,4.45,4.41,4.33,4.59,4.42,4.42,5.6,
2023-09-18,,5.53,5.56,5.55,5.51,5.44,5.05,4.74,4.46,4.41,4.32,4.57,4.4,4.4,5.6,
2023-09-19,,5.53,5.56,5.54,5.51,5.45,5.08,4.79,4.51,4.47,4.37,4.6,4.43,4.43,5.59,
2023-09-20,,5.53,5.57,5.56,5.51,5.47,5.12,4.82,4.52,4.46,4.35,4.57,4.4,4.4,5.61,
2023-09-21,,5.52,5.57,5.57,5.52,5.46,5.12,4.85,4.61,4.57,4.49,4.74,4.56,4.56,5.61,
2023-09-22,,5.52,5.58,5.56,5.52,5.46,5.1,4.8,4.57,4.53,4.44,4.7,4.53,4.53,5.61,
2023-09-25,,5.54,5.58,5.58,5.52,5.45,5.09,4.83,4.62,4.61,4.55,4.84,4.67,4.67,5.6,
2023-09-26,,5.54,5.58,5.58,5.53,5.45,5.04,4.84,4.62,4.62,4.56,4.86,4.7,4.7,5.61,
2023-09-27,,5.54,5.59,5.58,5.53,5.49,5.1,4.89,4.67,4.69,4.61,4.91,4.73,4.73,5.62,
2023-09-28,,5.56,5.61,5.56,5.53,5.46,5.04,4.83,4.62,4.63,4.59,4.9,4.71,4.71,5.61,
2023-09-29,,5.55,5.6,5.55,5.53,5.46,5.03,4.8,4.6,4.61,4.59,4.92,4.73,4.73,5.61,
2023-10-02,,5.56,5.6,5.62,5.58,5.49,5.12,4.88,4.72,4.73,4.69,5.0,4.81,4.81,5.62,
2023-10-03,,5.55,5.6,5.62,5.58,5.49,5.15,4.95,4.8,4.84,4.81,5.13,4.95,4.95,5.62,
2023-10-04,,5.56,5.58,5.61,5.57,5.42,5.05,4.85,4.72,4.75,4.73,5.05,4.87,4.87,5.62,
2023-10-05,,5.57,5.59,5.61,5.56,5.39,5.03,4.82,4.68,4.73,4.72,5.06,4.89,4.89,5.62,
2023-10-06,,5.59,5.6,5.63,5.59,5.43,5.08,4.87,4.75,4.79,4.78,5.13,4.95,4.95,5.64,
2023-10-10,,5.6,5.61,5.61,5.57,5.37,4.96,4.74,4.62,4.66,4.66,5.03,4.85,4.85,5.63,
2023-10-11,,5.58,5.59,5.61,5.56,5.38,4.99,4.73,4.59,4.61,4.58,4.92,4.73,4.73,5.63,
2023-10-12,,5.61,5.59,5.63,5.58,5.43,5.06,4.82,4.69,4.73,4.7,5.05,4.86,4.86,5.63,
2023-10-13,,5.6,5.58,5.62,5.57,5.41,5.04,4.8,4.65,4.66,4.63,4.97,4.78,4.78,5.62,
2023-10-16,,5.57,5.58,5.61,5.58,5.42,5.09,4.87,4.72,4.74,4.71,5.06,4.87,4.87,5.63,
2023-10-17,,5.58,5.58,5.62,5.6,5.48,5.19,5.01,4.86,4.88,4.83,5.14,4.94,4.94,5.64,
2023-10-18,,5.57,5.56,5.61,5.58,5.47,5.19,5.03,4.92,4.95,4.91,5.2,5.0,5.0,5.62,
2023-10-19,,5.58,5.57,5.6,5.56,5.44,5.14,5.01,4.95,5.0,4.98,5.3,5.11,5.11,5.62,
2023-10-20,,5.56,5.56,5.58,5.54,5.41,5.07,4.93,4.86,4.93,4.93,5.27,5.09,5.09,5.61,
2023-10-23,,5.57,5.57,5.58,5.56,5.42,5.05,4.89,4.81,4.87,4.86,5.19,5.01,5.01,5.59,
2023-10-24,,5.57,5.57,5.58,5.57,5.41,5.02,4.91,4.82,4.86,4.83,5.15,4.96,4.96,5.6,
2023-10-25,,5.56,5.57,5.59,5.57,5.43,5.08,4.98,4.89,4.98,4.95,5.27,5.09,5.09,5.61,
2023-10-26,,5.57,5.57,5.59,5.55,5.39,5.02,4.89,4.79,4.86,4.86,5.19,5.01,5.01,5.6,
2023-10-27,,5.57,5.57,5.59,5.55,5.39,4.99,4.84,4.76,4.83,4.84,5.19,5.03,5.03,5.6,
2023-10-30,,5.56,5.57,5.6,5.53,5.41,5.03,4.87,4.8,4.88,4.88,5.21,5.04,5.04,5.61,
2023-10-31,,5.56,5.57,5.59,5.54,5.44,5.07,4.9,4.82,4.89,4.88,5.21,5.04,5.04,5.61,
2023-11-01,,5.56,5.55,5.57,5.51,5.37,4.95,4.76,4.67,4.75,4.77,5.13,4.96,4.96,5.54,
2023-11-02,,5.52,5.56,5.54,5.5,5.38,4.98,4.78,4.65,4.68,4.67,4.99,4.82,4.82,5.53,
2023-11-03,,5.53,5.56,5.53,5.45,5.29,4.83,4.62,4.49,4.55,4.57,4.93,4.77,4.77,5.5,
2023-11-06,,5.53,5.56,5.56,5.47,5.33,4.93,4.72,4.6,4.66,4.67,5.0,4.84,4.84,5.49,
2023-11-07,,5.53,5.56,5.55,5.47,5.33,4.91,4.64,4.53,4.58,4.58,4.91,4.75,4.75,5.48,
2023-11-08,,5.52,5.54,5.54,5.46,5.34,4.93,4.65,4.51,4.54,4.49,4.82,4.64,4.64,5.49,
2023-11-09,,5.53,5.56,5.54,5.46,5.39,5.03,4.77,4.65,4.68,4.62,4.97,4.77,4.77,5.5,
2023-11-10,,5.53,5.55,5.53,5.46,5.38,5.04,4.8,4.65,4.68,4.61,4.93,4.73,4.73,5.47,
2023-11-13,,5.53,5.55,5.55,5.48,5.37,5.02,4.8,4.66,4.69,4.63,4.95,4.75,4.75,5.49,
2023-11-14,,5.52,5.55,5.52,5.41,5.24,4.8,4.56,4.42,4.45,4.44,4.8,4.61,4.61,5.45,
2023-11-15,,5.52,5.54,5.53,5.41,5.27,4.9,4.68,4.52,4.56,4.53,4.87,4.68,4.68,5.46,
2023-11-16,,5.53,5.55,5.51,5.38,5.23,4.83,4.59,4.43,4.47,4.45,4.82,4.63,4.63,5.46,
2023-11-17,,5.52,5.54,5.5,5.39,5.24,4.88,4.64,4.45,4.47,4.44,4.8,4.59,4.59,5.42,
2023-11-20,,5.53,5.55,5.54,5.43,5.25,4.89,4.62,4.44,4.46,4.42,4.74,4.57,4.57,5.46,
2023-11-21,,5.52,5.54,5.53,5.42,5.24,4.86,4.6,4.41,4.44,4.41,4.75,4.57,4.57,5.45,
2023-11-22,,5.54,5.55,5.54,5.42,5.26,4.89,4.62,4.44,4.46,4.42,4.73,4.55,4.55,5.47,
2023-11-24,,5.55,5.56,5.54,5.45,5.27,4.92,4.67,4.49,4.51,4.47,4.79,4.6,4.6,5.48,
2023-11-27,,5.54,5.54,5.49,5.45,5.24,4.84,4.6,4.38,4.43,4.39,4.72,4.53,4.53,5.47,
2023-11-28,,5.53,5.53,5.47,5.42,5.21,4.73,4.49,4.29,4.36,4.34,4.7,4.52,4.52,5.45,
2023-11-29,,5.53,5.52,5.45,5.38,5.12,4.64,4.4,4.22,4.28,4.27,4.62,4.44,4.44,5.48,
2023-11-30,,5.56,5.54,5.45,5.38,5.16,4.73,4.48,4.31,4.38,4.37,4.72,4.54,4.54,5.49,
2023-12-01,,5.55,5.53,5.43,5.33,5.05,4.56,4.31,4.14,4.22,4.22,4.58,4.4,4.4,5.45,
2023-12-04,,5.55,5.53,5.46,5.41,5.1,4.64,4.4,4.23,4.3,4.28,4.61,4.43,4.43,5.47,
2023-12-05,,5.54,5.51,5.45,5.37,5.06,4.57,4.33,4.14,4.2,4.18,4.48,4.3,4.3,5.46,
2023-12-06,,5.54,5.5,5.45,5.38,5.07,4.6,4.33,4.12,4.16,4.12,4.4,4.22,4.22,5.47,
2023-12-07,,5.53,5.54,5.44,5.36,5.05,4.58,4.31,4.11,4.16,4.14,4.42,4.25,4.25,5.47,
2023-12-08,,5.54,5.53,5.44,5.39,5.13,4.71,4.45,4.24,4.28,4.23,4.49,4.31,4.31,5.49,
2023-12-11,,5.55,5.54,5.47,5.4,5.14,4.71,4.42,4.25,4.27,4.23,4.51,4.32,4.32,5.48,
2023-12-12,,5.53,5.53,5.46,5.41,5.14,4.73,4.42,4.23,4.24,4.2,4.48,4.3,4.3,5.48,
2023-12-13,,5.52,5.52,5.44,5.33,4.94,4.46,4.18,4.0,4.04,4.04,4.36,4.19,4.19,5.45,
2023-12-14,,5.54,5.54,5.43,5.31,4.9,4.37,4.09,3.9,3.93,3.92,4.21,4.03,4.03,5.45,
2023-12-15,,5.54,5.54,5.44,5.33,4.95,4.44,4.13,3.91,3.94,3.91,4.19,4.0,4.0,5.47,
2023-12-18,,5.52,5.52,5.46,5.36,4.95,4.43,4.15,3.94,3.97,3.95,4.23,4.05,4.05,5.47,
2023-12-19,,5.51,5.51,5.43,5.35,4.93,4.41,4.15,3.94,3.96,3.93,4.23,4.03,4.03,5.45,
2023-12-20,,5.5,5.49,5.44,5.33,4.88,4.34,4.06,3.86,3.88,3.86,4.17,3.98,3.98,5.45,
2023-12-21,,5.54,5.53,5.42,5.31,4.84,4.33,4.06,3.87,3.91,3.89,4.19,4.03,4.03,5.45,
2023-12-22,,5.54,5.52,5.44,5.31,4.82,4.31,4.04,3.87,3.92,3.9,4.21,4.05,4.05,5.45,
2023-12-26,,5.53,5.52,5.45,5.28,4.83,4.26,4.05,3.89,3.91,3.89,4.2,4.04,4.04,5.44,
2023-12-27,,5.55,5.53,5.44,5.26,4.79,4.2,3.97,3.78,3.81,3.79,4.1,3.95,3.95,5.42,
2023-12-28,,5.57,5.55,5.45,5.28,4.82,4.26,4.02,3.83,3.84,3.84,4.14,3.98,3.98,5.42,
2023-12-29,,5.6,5.59,5.4,5.26,4.79,4.23,4.01,3.84,3.88,3.88,4.2,4.03,4.03,5.41,
2024-01-02,,5.55,5.54,5.46,5.24,4.8,4.33,4.09,3.93,3.95,3.95,4.25,4.08,4.08,5.41,
2024-01-03,,5.54,5.54,5.48,5.25,4.81,4.33,4.07,3.9,3.92,3.91,4.21,4.05,4.05,5.41,
2024-01-04,,5.56,5.48,5.48,5.25,4.85,4.38,4.14,3.97,3.99,3.99,4.3,4.13,4.13,5.41,
2024-01-05,,5.54,5.48,5.47,5.24,4.84,4.4,4.17,4.02,4.04,4.05,4.37,4.21,4.21,5.41,
2024-01-08,,5.54,5.48,5.49,5.24,4.82,4.36,4.11,3.97,3.99,4.01,4.33,4.17,4.17,5.39,
2024-01-09,,5.53,5.46,5.47,5.24,4.82,4.36,4.09,3.97,4.0,4.02,4.33,4.18,4.18,5.38,
2024-01-10,,5.53,5.46,5.46,5.23,4.82,4.37,4.1,3.99,4.01,4.04,4.35,4.2,4.2,5.39,
2024-01-11,,5.54,5.47,5.46,5.22,4.75,4.26,4.02,3.9,3.95,3.98,4.32,4.18,4.18,5.38,
2024-01-12,,5.55,5.47,5.45,5.16,4.65,4.14,3.92,3.84,3.91,3.96,4.32,4.2,4.2,5.37,
2024-01-16,,5.54,5.47,5.45,5.18,4.7,4.22,4.02,3.95,4.01,4.07,4.43,4.3,4.3,5.37,
2024-01-17,,5.54,5.47,5.47,5.2,4.8,4.34,4.12,4.02,4.07,4.1,4.42,4.31,4.31,5.4,
2024-01-18,,5.53,5.48,5.45,5.2,4.8,4.34,4.13,4.04,4.1,4.14,4.48,4.37,4.37,5.39,
2024-01-19,,5.54,5.47,5.45,5.21,4.84,4.39,4.18,4.08,4.12,4.15,4.47,4.36,4.36,5.39,
2024-01-22,,5.53,5.47,5.46,5.22,4.83,4.37,4.14,4.03,4.07,4.11,4.44,4.32,4.32,5.39,
2024-01-23,,5.53,5.46,5.45,5.21,4.81,4.31,4.16,4.06,4.11,4.14,4.48,4.38,4.38,5.38,
2024-01-24,,5.52,5.44,5.44,5.22,4.83,4.34,4.19,4.06,4.14,4.18,4.52,4.41,4.41,5.4,
2024-01-25,,5.54,5.48,5.44,5.19,4.76,4.28,4.12,4.01,4.07,4.14,4.49,4.38,4.38,5.39,
2024-01-26,,5.54,5.45,5.44,5.19,4.78,4.34,4.15,4.04,4.1,4.15,4.49,4.38,4.38,5.39,
2024-01-29,,5.53,5.46,5.42,5.19,4.76,4.29,4.1,3.97,4.02,4.08,4.42,4.31,4.31,5.37,
2024-01-30,,5.53,5.47,5.42,5.19,4.8,4.36,4.14,4.0,4.03,4.06,4.4,4.28,4.28,5.38,
2024-01-31,,5.53,5.46,5.42,5.18,4.73,4.27,4.05,3.91,3.95,3.99,4.34,4.22,4.22,5.4,
2024-02-01,,5.49,5.51,5.42,5.15,4.68,4.2,3.96,3.8,3.83,3.87,4.21,4.1,4.1,5.38,
2024-02-02,,5.49,5.51,5.43,5.22,4.81,4.36,4.14,3.99,4.02,4.03,4.33,4.22,4.22,5.42,
2024-02-05,,5.49,5.5,5.42,5.25,4.87,4.46,4.27,4.13,4.16,4.17,4.46,4.35,4.35,5.42,
2024-02-06,,5.48,5.5,5.44,5.23,4.82,4.39,4.14,4.03,4.07,4.09,4.39,4.29,4.29,5.41,
2024-02-07,,5.47,5.49,5.43,5.23,4.83,4.41,4.16,4.06,4.09,4.09,4.41,4.31,4.31,5.4,
2024-02-08,,5.49,5.51,5.44,5.24,4.83,4.46,4.22,4.12,4.15,4.15,4.47,4.36,4.36,5.42,
2024-02-09,,5.49,5.51,5.44,5.26,4.86,4.48,4.25,4.14,4.17,4.17,4.48,4.37,4.37,5.43,
2024-02-12,,5.49,5.51,5.43,5.27,4.87,4.46,4.25,4.13,4.16,4.17,4.48,4.37,4.37,5.43,
2024-02-13,,5.48,5.52,5.45,5.32,4.99,4.64,4.44,4.31,4.33,4.31,4.59,4.46,4.46,5.46,
2024-02-14,,5.48,5.51,5.43,5.31,4.94,4.56,4.38,4.25,4.27,4.27,4.57,4.45,4.45,5.45,
2024-02-15,,5.49,5.51,5.43,5.3,4.93,4.56,4.36,4.22,4.25,4.24,4.54,4.42,4.42,5.45,
2024-02-16,,5.48,5.51,5.44,5.31,4.98,4.64,4.43,4.29,4.31,4.3,4.58,4.45,4.45,5.45,
2024-02-20,,5.49,5.49,5.44,5.32,4.97,4.59,4.38,4.25,4.28,4.27,4.56,4.44,4.44,5.45,
2024-02-21,,5.5,5.5,5.44,5.32,4.98,4.64,4.43,4.3,4.33,4.32,4.59,4.49,4.49,5.45,
2024-02-22,,5.49,5.51,5.45,5.32,5.02,4.69,4.49,4.33,4.35,4.33,4.58,4.47,4.47,5.45,
2024-02-23,,5.49,5.51,5.46,5.32,5.0,4.67,4.45,4.28,4.28,4.26,4.51,4.37,4.37,5.46,
2024-02-26,,5.5,5.52,5.47,5.34,5.03,4.69,4.48,4.29,4.32,4.28,4.53,4.4,4.4,5.47,
2024-02-27,,5.5,5.52,5.45,5.33,5.03,4.7,4.5,4.32,4.34,4.31,4.57,4.44,4.44,5.47,
2024-02-28,,5.5,5.51,5.45,5.31,5.0,4.64,4.44,4.26,4.28,4.27,4.53,4.4,4.4,5.43,
2024-02-29,,5.53,5.5,5.45,5.3,5.01,4.64,4.43,4.26,4.28,4.25,4.51,4.38,4.38,5.43,
2024-03-01,,5.54,5.49,5.42,5.27,4.94,4.54,4.32,4.17,4.2,4.19,4.46,4.33,4.33,5.41,
2024-03-04,,5.51,5.49,5.48,5.37,4.98,4.61,4.39,4.21,4.23,4.22,4.48,4.36,4.36,5.42,
2024-03-05,,5.5,5.47,5.47,5.35,4.94,4.54,4.32,4.13,4.15,4.13,4.39,4.27,4.27,5.4,
2024-03-06,,5.5,5.47,5.47,5.35,4.95,4.55,4.32,4.12,4.12,4.11,4.36,4.24,4.24,5.4,
2024-03-07,,5.51,5.48,5.47,5.34,4.93,4.5,4.28,4.07,4.09,4.09,4.35,4.25,4.25,5.4,
2024-03-08,,5.51,5.48,5.46,5.34,4.92,4.48,4.25,4.06,4.08,4.09,4.36,4.26,4.26,5.4,
2024-03-11,,5.5,5.47,5.48,5.35,4.95,4.51,4.26,4.08,4.09,4.1,4.36,4.26,4.26,5.41,
2024-03-12,,5.52,5.48,5.48,5.37,5.0,4.58,4.33,4.15,4.16,4.16,4.42,4.31,4.31,5.41,
2024-03-13,,5.52,5.47,5.48,5.37,5.01,4.61,4.37,4.19,4.2,4.19,4.45,4.35,4.35,5.41,
2024-03-14,,5.52,5.48,5.48,5.38,5.04,4.68,4.46,4.29,4.3,4.29,4.54,4.44,4.44,5.42,
2024-03-15,,5.52,5.48,5.48,5.38,5.05,4.72,4.51,4.33,4.33,4.31,4.55,4.43,4.43,5.41,
2024-03-18,,5.52,5.48,5.48,5.39,5.06,4.73,4.52,4.36,4.35,4.34,4.57,4.46,4.46,5.41,
2024-03-19,,5.52,5.48,5.48,5.39,5.06,4.68,4.47,4.31,4.31,4.3,4.54,4.44,4.44,5.41,
2024-03-20,,5.5,5.47,5.47,5.36,5.01,4.59,4.41,4.25,4.28,4.27,4.53,4.45,4.45,5.41,
2024-03-21,,5.51,5.48,5.48,5.36,5.01,4.62,4.42,4.26,4.28,4.27,4.53,4.44,4.44,5.4,
2024-03-22,,5.51,5.47,5.46,5.34,4.98,4.59,4.36,4.2,4.22,4.22,4.47,4.39,4.39,5.4,
2024-03-25,,5.51,5.48,5.46,5.36,5.0,4.54,4.39,4.23,4.25,4.25,4.51,4.42,4.42,5.41,
2024-03-26,,5.5,5.47,5.46,5.36,5.0,4.56,4.38,4.22,4.23,4.24,4.49,4.4,4.4,5.41,
2024-03-27,,5.5,5.47,5.45,5.36,4.99,4.54,4.36,4.18,4.18,4.2,4.45,4.36,4.36,5.41,
2024-03-28,,5.49,5.48,5.46,5.38,5.03,4.59,4.4,4.21,4.2,4.2,4.45,4.34,4.34,5.42,
2024-04-01,,5.49,5.47,5.44,5.36,5.06,4.72,4.51,4.34,4.33,4.33,4.58,4.47,4.47,5.41,
2024-04-02,,5.49,5.45,5.42,5.34,5.05,4.7,4.51,4.35,4.37,4.36,4.61,4.51,4.51,5.4,
2024-04-03,,5.47,5.44,5.42,5.33,5.03,4.68,4.48,4.34,4.36,4.36,4.61,4.51,4.51,5.4,
2024-04-04,,5.47,5.49,5.41,5.32,5.0,4.65,4.46,4.3,4.31,4.31,4.57,4.47,4.47,5.4,
2024-04-05,,5.47,5.5,5.43,5.34,5.05,4.73,4.54,4.38,4.39,4.39,4.65,4.54,4.54,5.41,
2024-04-08,,5.48,5.49,5.43,5.35,5.07,4.78,4.6,4.43,4.43,4.42,4.65,4.55,4.55,5.41,
2024-04-09,,5.48,5.49,5.43,5.34,5.03,4.74,4.52,4.37,4.38,4.36,4.6,4.5,4.5,5.41,
2024-04-10,,5.49,5.5,5.45,5.4,5.19,4.97,4.77,4.61,4.59,4.55,4.76,4.64,4.64,5.44,
2024-04-11,,5.48,5.51,5.45,5.38,5.17,4.93,4.77,4.61,4.6,4.56,4.77,4.65,4.65,5.44,
2024-04-12,,5.48,5.5,5.45,5.36,5.13,4.88,4.7,4.54,4.53,4.5,4.73,4.61,4.61,5.42,
2024-04-15,,5.49,5.51,5.45,5.38,5.16,4.93,4.78,4.65,4.65,4.63,4.85,4.74,4.74,5.44,
2024-04-16,,5.49,5.51,5.45,5.39,5.18,4.97,4.83,4.69,4.69,4.67,4.88,4.77,4.77,5.44,
2024-04-17,,5.49,5.49,5.45,5.38,5.16,4.93,4.77,4.62,4.61,4.59,4.81,4.71,4.71,5.44,
2024-04-18,,5.49,5.52,5.46,5.39,5.18,4.98,4.83,4.68,4.67,4.64,4.85,4.74,4.74,5.44,
2024-04-19,,5.49,5.51,5.45,5.39,5.17,4.97,4.81,4.66,4.65,4.62,4.83,4.72,4.72,5.44,
2024-04-22,,5.49,5.5,5.42,5.39,5.16,4.97,4.81,4.66,4.65,4.62,4.84,4.72,4.72,5.44,
2024-04-23,,5.49,5.5,5.45,5.39,5.14,4.86,4.76,4.63,4.62,4.61,4.84,4.73,4.73,5.44,
2024-04-24,,5.49,5.5,5.46,5.4,5.17,4.89,4.78,4.64,4.66,4.65,4.88,4.78,4.78,5.44,
2024-04-25,,5.48,5.51,5.47,5.41,5.21,4.96,4.85,4.7,4.71,4.7,4.93,4.82,4.82,5.46,
2024-04-26,,5.48,5.51,5.46,5.4,5.21,4.96,4.84,4.68,4.68,4.67,4.89,4.78,4.78,5.45,
2024-04-29,,5.48,5.51,5.45,5.43,5.2,4.97,4.8,4.65,4.64,4.63,4.86,4.75,4.75,5.45,
2024-04-30,,5.48,5.51,5.46,5.44,5.25,5.04,4.87,4.72,4.71,4.69,4.9,4.79,4.79,5.45,
2024-05-01,,5.47,5.5,5.46,5.43,5.21,4.96,4.79,4.64,4.64,4.63,4.85,4.74,4.74,5.51,
2024-05-02,,5.51,5.47,5.46,5.42,5.16,4.87,4.71,4.57,4.57,4.58,4.82,4.72,4.72,5.5,
2024-05-03,,5.51,5.48,5.45,5.41,5.12,4.81,4.63,4.48,4.49,4.5,4.75,4.66,4.66,5.5,
2024-05-06,,5.51,5.48,5.45,5.42,5.12,4.82,4.64,4.48,4.48,4.49,4.73,4.64,4.64,5.5,
2024-05-07,,5.51,5.48,5.45,5.41,5.13,4.82,4.6,4.48,4.47,4.47,4.7,4.61,4.61,5.51,
2024-05-08,,5.51,5.47,5.45,5.41,5.13,4.84,4.63,4.5,4.49,4.48,4.73,4.64,4.64,5.5,
2024-05-09,,5.51,5.48,5.46,5.41,5.12,4.8,4.6,4.47,4.46,4.45,4.7,4.6,4.6,5.5,
2024-05-10,,5.51,5.47,5.47,5.43,5.17,4.87,4.65,4.52,4.51,4.5,4.74,4.64,4.64,5.51,
2024-05-13,,5.5,5.47,5.45,5.43,5.16,4.85,4.66,4.5,4.49,4.48,4.72,4.63,4.63,5.51,
2024-05-14,,5.5,5.47,5.44,5.43,5.16,4.81,4.62,4.46,4.45,4.45,4.69,4.59,4.59,5.51,
2024-05-15,,5.49,5.46,5.45,5.4,5.1,4.73,4.51,4.35,4.35,4.36,4.61,4.52,4.52,5.5,
2024-05-16,,5.51,5.47,5.45,5.41,5.13,4.78,4.58,4.4,4.39,4.38,4.62,4.52,4.52,5.53,
2024-05-17,,5.5,5.47,5.46,5.41,5.14,4.83,4.6,4.44,4.43,4.42,4.66,4.56,4.56,5.5,
2024-05-20,,5.5,5.47,5.45,5.43,5.15,4.82,4.62,4.46,4.44,4.44,4.68,4.58,4.58,5.51,
2024-05-21,,5.5,5.47,5.45,5.42,5.14,4.82,4.61,4.43,4.42,4.41,4.65,4.55,4.55,5.51,
2024-05-22,,5.49,5.48,5.45,5.43,5.16,4.86,4.64,4.47,4.44,4.43,4.63,4.55,4.55,5.5,
2024-05-23,,5.51,5.48,5.46,5.44,5.2,4.91,4.71,4.52,4.5,4.47,4.67,4.58,4.58,5.51,
2024-05-24,,5.56,5.53,5.46,5.44,5.21,4.93,4.71,4.53,4.49,4.46,4.65,4.57,4.57,5.51,
2024-05-28,,5.5,5.48,5.46,5.43,5.21,4.94,4.75,4.56,4.56,4.54,4.74,4.66,4.66,5.51,
2024-05-29,,5.5,5.48,5.46,5.43,5.22,4.96,4.79,4.63,4.63,4.61,4.82,4.74,4.74,5.47,
2024-05-30,,5.48,5.48,5.46,5.42,5.19,4.92,4.74,4.57,4.57,4.55,4.76,4.69,4.69,5.48,
2024-05-31,,5.48,5.48,5.46,5.42,5.18,4.89,4.69,4.52,4.52,4.51,4.73,4.65,4.65,5.46,
2024-06-03,,5.49,5.49,5.52,5.39,5.14,4.82,4.62,4.42,4.41,4.41,4.63,4.55,4.55,5.46,
2024-06-04,,5.48,5.48,5.52,5.38,5.11,4.77,4.55,4.35,4.33,4.33,4.56,4.48,4.48,5.45,
2024-06-05,,5.48,5.48,5.51,5.37,5.08,4.72,4.5,4.31,4.29,4.29,4.52,4.44,4.44,5.46,
2024-06-06,,5.48,5.47,5.51,5.36,5.08,4.72,4.49,4.29,4.28,4.28,4.51,4.43,4.43,5.45,
2024-06-07,,5.47,5.47,5.52,5.4,5.17,4.87,4.65,4.46,4.45,4.43,4.64,4.55,4.55,5.47,
2024-06-10,,5.47,5.48,5.52,5.4,5.16,4.87,4.62,4.48,4.47,4.47,4.68,4.59,4.59,5.46,
2024-06-11,,5.46,5.47,5.52,5.39,5.17,4.81,4.57,4.41,4.4,4.39,4.62,4.53,4.53,5.46,
2024-06-12,,5.47,5.47,5.51,5.38,5.13,4.75,4.48,4.32,4.31,4.31,4.56,4.47,4.47,5.47,
2024-06-13,,5.47,5.47,5.51,5.36,5.07,4.68,4.42,4.24,4.23,4.24,4.5,4.4,4.4,5.45,
2024-06-14,,5.47,5.47,5.51,5.36,5.07,4.67,4.41,4.22,4.2,4.2,4.46,4.34,4.34,5.45,
2024-06-17,,5.45,5.47,5.52,5.39,5.11,4.75,4.5,4.3,4.28,4.28,4.52,4.4,4.4,5.46,
2024-06-18,,5.4,5.46,5.5,5.37,5.09,4.69,4.43,4.24,4.22,4.22,4.47,4.36,4.36,5.45,
2024-06-20,,5.42,5.46,5.5,5.37,5.1,4.7,4.45,4.26,4.25,4.25,4.49,4.39,4.39,5.46,
2024-06-21,,5.42,5.46,5.49,5.36,5.1,4.7,4.45,4.26,4.25,4.25,4.49,4.39,4.39,5.45,
2024-06-24,,5.42,5.46,5.5,5.37,5.1,4.71,4.46,4.27,4.25,4.25,4.48,4.38,4.38,5.45,
2024-06-25,,5.43,5.46,5.49,5.37,5.1,4.65,4.45,4.25,4.23,4.23,4.46,4.36,4.36,5.44,
2024-06-26,,5.44,5.46,5.5,5.36,5.13,4.71,4.53,4.32,4.32,4.32,4.55,4.45,4.45,5.46,
2024-06-27,,5.48,5.46,5.49,5.35,5.1,4.7,4.49,4.29,4.27,4.29,4.53,4.43,4.43,5.45,
2024-06-28,,5.47,5.47,5.48,5.33,5.09,4.71,4.52,4.33,4.33,4.36,4.61,4.51,4.51,5.45,
2024-07-01,,5.48,5.48,5.47,5.37,5.1,4.77,4.58,4.44,4.45,4.48,4.76,4.64,4.64,5.45,
2024-07-02,,5.48,5.47,5.47,5.36,5.07,4.74,4.54,4.39,4.4,4.43,4.71,4.6,4.6,5.44,
2024-07-03,,5.49,5.54,5.47,5.36,5.04,4.71,4.48,4.33,4.33,4.36,4.64,4.53,4.53,5.47,
2024-07-05,,5.48,5.53,5.46,5.34,4.98,4.6,4.39,4.22,4.23,4.28,4.57,4.47,4.47,5.46,
2024-07-08,,5.48,5.53,5.46,5.33,4.99,4.62,4.4,4.23,4.23,4.28,4.57,4.46,4.46,5.46,
2024-07-09,,5.45,5.51,5.46,5.34,5.02,4.62,4.37,4.24,4.25,4.3,4.59,4.49,4.49,5.46,
2024-07-10,,5.46,5.5,5.46,5.33,5.01,4.62,4.38,4.24,4.24,4.28,4.58,4.47,4.47,5.46,
2024-07-11,,5.48,5.53,5.44,5.25,4.91,4.5,4.26,4.13,4.15,4.2,4.51,4.41,4.41,5.41,
2024-07-12,,5.47,5.52,5.43,5.23,4.87,4.45,4.22,4.1,4.13,4.18,4.5,4.39,4.39,5.41,
2024-07-15,,5.48,5.51,5.43,5.23,4.85,4.44,4.23,4.13,4.16,4.23,4.56,4.46,4.46,5.4,
2024-07-16,,5.48,5.5,5.43,5.23,4.85,4.43,4.21,4.09,4.11,4.17,4.48,4.38,4.38,5.4,
2024-07-17,,5.47,5.5,5.43,5.23,4.85,4.42,4.19,4.07,4.09,4.16,4.46,4.37,4.37,5.4,
2024-07-18,,5.48,5.52,5.43,5.23,4.86,4.46,4.24,4.11,4.14,4.2,4.51,4.41,4.41,5.4,
2024-07-19,,5.48,5.52,5.43,5.24,4.87,4.49,4.28,4.16,4.18,4.25,4.55,4.45,4.45,5.39,
2024-07-22,,5.49,5.51,5.43,5.24,4.88,4.5,4.29,4.17,4.2,4.26,4.57,4.48,4.48,5.39,
2024-07-23,,5.49,5.51,5.41,5.22,4.85,4.4,4.26,4.15,4.18,4.25,4.56,4.48,4.48,5.38,
2024-07-24,,5.5,5.5,5.4,5.19,4.82,4.37,4.24,4.12,4.2,4.28,4.62,4.54,4.54,5.37,
2024-07-25,,5.49,5.52,5.39,5.19,4.83,4.41,4.26,4.13,4.18,4.27,4.59,4.5,4.5,5.37,
2024-07-26,,5.49,5.51,5.38,5.18,4.79,4.36,4.2,4.06,4.1,4.2,4.53,4.45,4.45,5.36,
2024-07-29,,5.5,5.51,5.41,5.18,4.79,4.36,4.19,4.05,4.08,4.17,4.51,4.42,4.42,5.36,
2024-07-30,,5.5,5.5,5.4,5.16,4.78,4.35,4.16,4.03,4.06,4.15,4.5,4.4,4.4,5.35,
2024-07-31,,5.49,5.51,5.41,5.14,4.73,4.29,4.1,3.97,4.0,4.09,4.44,4.35,4.35,5.32,
2024-08-01,,5.55,5.46,5.37,5.08,4.62,4.16,3.96,3.84,3.89,3.99,4.35,4.27,4.27,5.28,
2024-08-02,,5.54,5.43,5.29,4.88,4.33,3.88,3.7,3.62,3.68,3.8,4.19,4.11,4.11,5.14,
2024-08-05,,5.52,5.43,5.35,4.91,4.34,3.89,3.71,3.62,3.66,3.78,4.16,4.06,4.06,5.14,
2024-08-06,,5.5,5.43,5.34,5.0,4.46,3.99,3.76,3.73,3.79,3.9,4.28,4.18,4.18,5.18,
2024-08-07,,5.5,5.43,5.34,4.99,4.45,4.0,3.81,3.79,3.85,3.96,4.35,4.26,4.26,5.21,
2024-08-08,,5.55,5.42,5.34,5.01,4.48,4.04,3.86,3.83,3.89,3.99,4.38,4.28,4.28,5.21,
2024-08-09,,5.54,5.4,5.33,5.02,4.5,4.05,3.86,3.8,3.85,3.94,4.33,4.23,4.23,5.22,
2024-08-12,,5.53,5.4,5.33,5.02,4.47,4.01,3.82,3.75,3.8,3.9,4.3,4.19,4.19,5.2,
2024-08-13,,5.48,5.39,5.32,4.97,4.4,3.93,3.75,3.68,3.74,3.85,4.25,4.16,4.16,5.18,
2024-08-14,,5.49,5.39,5.32,5.0,4.42,3.94,3.76,3.67,3.72,3.83,4.22,4.12,4.12,5.21,
2024-08-15,,5.53,5.4,5.34,5.04,4.52,4.08,3.9,3.79,3.83,3.92,4.28,4.18,4.18,5.22,
2024-08-16,,5.53,5.4,5.33,5.02,4.49,4.06,3.87,3.77,3.81,3.89,4.26,4.15,4.15,5.21,
2024-08-19,,5.51,5.39,5.31,5.0,4.48,4.06,3.86,3.75,3.78,3.86,4.23,4.11,4.11,5.19,
2024-08-20,,5.48,5.36,5.29,4.97,4.43,3.99,3.8,3.7,3.73,3.82,4.19,4.07,4.07,5.17,
2024-08-21,,5.45,5.33,5.26,4.92,4.36,3.92,3.74,3.64,3.69,3.79,4.15,4.06,4.06,5.13,
2024-08-22,,5.51,5.35,5.28,4.96,4.43,3.99,3.82,3.72,3.77,3.86,4.21,4.13,4.13,5.15,
2024-08-23,,5.51,5.35,5.25,4.92,4.36,3.9,3.73,3.65,3.71,3.81,4.18,4.1,4.1,5.13,
2024-08-26,,5.49,5.34,5.24,4.91,4.38,3.91,3.74,3.66,3.72,3.82,4.19,4.11,4.11,5.13,
2024-08-27,,5.49,5.33,5.23,4.89,4.34,3.83,3.72,3.66,3.73,3.83,4.21,4.13,4.13,5.12,
2024-08-28,,5.47,5.33,5.21,4.87,4.36,3.83,3.72,3.63,3.74,3.84,4.22,4.13,4.13,5.12,
2024-08-29,,5.4,5.33,5.22,4.89,4.38,3.87,3.76,3.66,3.76,3.87,4.24,4.15,4.15,5.12,
2024-08-30,,5.41,5.32,5.21,4.89,4.38,3.91,3.79,3.71,3.8,3.91,4.28,4.2,4.2,5.12,
2024-09-03,,5.38,5.31,5.19,4.8,4.35,3.88,3.73,3.65,3.73,3.84,4.21,4.13,4.13,5.1,
2024-09-04,,5.33,5.28,5.18,4.74,4.23,3.76,3.63,3.56,3.65,3.77,4.14,4.06,4.06,5.05,
2024-09-05,,5.3,5.29,5.15,4.73,4.21,3.75,3.61,3.54,3.63,3.73,4.11,4.02,4.02,5.04,
2024-09-06,,5.28,5.28,5.13,4.69,4.1,3.66,3.54,3.5,3.6,3.72,4.1,4.03,4.03,5.02,
2024-09-09,,5.25,5.25,5.11,4.68,4.12,3.68,3.54,3.49,3.58,3.7,4.08,4.0,4.0,4.99,
2024-09-10,,5.18,5.18,5.06,4.65,4.07,3.59,3.42,3.43,3.53,3.65,4.04,3.97,3.97,4.92,
2024-09-11,,5.21,5.19,5.1,4.72,4.12,3.62,3.45,3.45,3.54,3.65,4.03,3.96,3.96,4.99,
2024-09-12,,5.18,5.22,5.06,4.68,4.09,3.64,3.47,3.47,3.57,3.68,4.07,4.0,4.0,4.97,
2024-09-13,,5.15,5.17,4.97,4.6,4.0,3.57,3.42,3.43,3.53,3.66,4.05,3.98,3.98,4.92,
2024-09-16,,5.11,5.1,4.96,4.55,3.96,3.56,3.42,3.41,3.51,3.63,4.01,3.94,3.94,4.88,
2024-09-17,,5.05,5.05,4.95,4.55,3.99,3.59,3.45,3.44,3.53,3.65,4.02,3.96,3.96,4.87,
2024-09-18,,4.91,4.91,4.84,4.5,3.95,3.61,3.49,3.47,3.58,3.7,4.08,4.03,4.03,4.76,
2024-09-19,,4.89,4.91,4.8,4.46,3.93,3.59,3.47,3.49,3.6,3.73,4.11,4.06,4.06,4.73,
2024-09-20,,4.87,4.88,4.75,4.43,3.92,3.55,3.46,3.48,3.59,3.73,4.1,4.07,4.07,4.7,
2024-09-23,,4.85,4.84,4.72,4.4,3.91,3.57,3.47,3.51,3.62,3.75,4.12,4.09,4.09,4.65,
2024-09-24,,4.78,4.78,4.69,4.36,3.88,3.49,3.44,3.47,3.6,3.74,4.13,4.09,4.09,4.63,
2024-09-25,,4.79,4.78,4.69,4.36,3.89,3.53,3.49,3.52,3.65,3.79,4.18,4.14,4.14,4.64,
2024-09-26,,4.9,4.87,4.68,4.38,3.96,3.6,3.54,3.55,3.65,3.79,4.17,4.12,4.12,4.65,
2024-09-27,,4.9,4.87,4.68,4.35,3.9,3.55,3.49,3.5,3.6,3.75,4.15,4.1,4.1,4.64,
2024-09-30,,4.93,4.87,4.73,4.38,3.98,3.66,3.58,3.58,3.67,3.81,4.19,4.14,4.14,4.65,
2024-10-01,,4.96,4.87,4.71,4.36,3.96,3.61,3.52,3.51,3.6,3.74,4.14,4.08,4.08,4.63,
2024-10-02,,4.92,4.83,4.69,4.36,3.97,3.63,3.54,3.55,3.65,3.79,4.19,4.14,4.14,4.61,
2024-10-03,,4.99,4.85,4.68,4.37,4.02,3.7,3.62,3.62,3.71,3.85,4.24,4.18,4.18,4.61,
2024-10-04,,5.01,4.88,4.73,4.45,4.2,3.93,3.84,3.81,3.88,3.98,4.33,4.26,4.26,4.68,
2024-10-07,,5.0,4.87,4.77,4.45,4.24,3.99,3.89,3.86,3.92,4.03,4.37,4.3,4.3,4.67,
2024-10-08,,4.96,4.85,4.75,4.44,4.21,3.98,3.86,3.86,3.94,4.04,4.38,4.32,4.32,4.65,
2024-10-09,,4.93,4.84,4.75,4.46,4.24,3.99,3.89,3.91,3.97,4.06,4.41,4.34,4.34,4.65,
2024-10-10,,4.98,4.84,4.75,4.45,4.22,3.98,3.88,3.91,3.99,4.09,4.44,4.38,4.38,4.65,
2024-10-11,,4.97,4.82,4.73,4.44,4.18,3.95,3.85,3.88,3.97,4.08,4.44,4.39,4.39,4.65,
2024-10-15,,4.93,4.82,4.73,4.42,4.18,3.95,3.86,3.86,3.93,4.03,4.37,4.32,4.32,4.65,
2024-10-16,,4.91,4.8,4.72,4.42,4.17,3.93,3.84,3.84,3.92,4.02,4.36,4.3,4.3,4.63,
2024-10-17,,4.93,4.83,4.74,4.45,4.21,3.96,3.89,3.9,3.99,4.09,4.44,4.39,4.39,4.65,
2024-10-18,,4.92,4.82,4.73,4.45,4.19,3.95,3.86,3.88,3.97,4.08,4.44,4.38,4.38,4.65,
2024-10-21,,4.92,4.82,4.73,4.47,4.24,4.02,3.95,3.98,4.07,4.19,4.54,4.49,4.49,4.66,
2024-10-22,,4.89,4.81,4.72,4.47,4.24,4.03,3.98,4.0,4.1,4.2,4.55,4.49,4.49,4.66,
2024-10-23,,4.88,4.8,4.73,4.48,4.27,4.07,4.03,4.05,4.14,4.24,4.58,4.51,4.51,4.66,
2024-10-24,,4.87,4.78,4.7,4.48,4.25,4.07,4.02,4.03,4.12,4.21,4.54,4.47,4.47,4.65,
2024-10-25,,4.89,4.79,4.73,4.51,4.29,4.11,4.05,4.07,4.15,4.25,4.58,4.51,4.51,4.68,
2024-10-28,,4.88,4.77,4.7,4.46,4.28,4.12,4.09,4.11,4.19,4.28,4.61,4.53,4.53,4.65,
2024-10-29,,4.88,4.77,4.7,4.45,4.29,4.11,4.08,4.11,4.18,4.28,4.61,4.52,4.52,4.64,
2024-10-30,,4.87,4.77,4.67,4.44,4.28,4.15,4.14,4.14,4.2,4.29,4.6,4.49,4.49,4.57,
2024-10-31,,4.76,4.76,4.64,4.43,4.27,4.16,4.12,4.15,4.21,4.28,4.58,4.47,4.47,4.56,
2024-11-01,,4.75,4.74,4.61,4.42,4.28,4.21,4.18,4.22,4.3,4.37,4.68,4.57,4.57,4.53,
2024-11-04,,4.75,4.74,4.65,4.39,4.25,4.17,4.1,4.17,4.24,4.31,4.6,4.5,4.5,4.51,
2024-11-05,,4.72,4.72,4.64,4.39,4.27,4.19,4.11,4.16,4.22,4.26,4.55,4.44,4.44,4.49,
2024-11-06,,4.68,4.71,4.64,4.41,4.31,4.27,4.2,4.27,4.37,4.42,4.71,4.6,4.6,4.54,
2024-11-07,,4.69,4.69,4.63,4.4,4.28,4.21,4.13,4.17,4.25,4.31,4.62,4.52,4.52,4.52,
2024-11-08,,4.7,4.69,4.63,4.42,4.32,4.26,4.18,4.2,4.25,4.3,4.58,4.47,4.47,4.53,
2024-11-12,,4.7,4.7,4.63,4.45,4.38,4.34,4.29,4.32,4.38,4.43,4.7,4.58,4.58,4.54,
2024-11-13,,4.69,4.67,4.6,4.4,4.31,4.27,4.25,4.3,4.38,4.44,4.73,4.63,4.63,4.5,
2024-11-14,,4.7,4.68,4.61,4.43,4.36,4.34,4.3,4.32,4.38,4.43,4.69,4.58,4.58,4.53,
2024-11-15,,4.7,4.67,4.6,4.44,4.34,4.31,4.27,4.3,4.36,4.43,4.7,4.6,4.6,4.52,
2024-11-18,,4.7,4.65,4.63,4.44,4.33,4.29,4.25,4.28,4.35,4.42,4.7,4.61,4.61,4.52,
2024-11-19,,4.67,4.63,4.62,4.44,4.34,4.27,4.24,4.25,4.32,4.39,4.66,4.57,4.57,4.51,
2024-11-20,,4.68,4.63,4.62,4.44,4.37,4.31,4.26,4.28,4.34,4.41,4.66,4.59,4.59,4.52,
2024-11-21,,4.72,4.67,4.63,4.45,4.39,4.34,4.3,4.3,4.36,4.43,4.68,4.61,4.61,4.52,
2024-11-22,,4.72,4.67,4.63,4.46,4.42,4.37,4.32,4.3,4.35,4.41,4.67,4.6,4.6,4.53,
2024-11-25,,4.74,4.67,4.62,4.46,4.37,4.21,4.21,4.17,4.21,4.27,4.53,4.45,4.45,4.52,
2024-11-26,,4.74,4.67,4.61,4.45,4.37,4.21,4.21,4.17,4.24,4.3,4.56,4.48,4.48,4.52,
2024-11-27,,4.76,4.7,4.6,4.43,4.34,4.19,4.17,4.11,4.17,4.25,4.52,4.44,4.44,4.54,
2024-11-29,,4.76,4.69,4.58,4.42,4.3,4.13,4.1,4.05,4.1,4.18,4.45,4.36,4.36,4.52,
2024-12-02,,4.75,4.63,4.51,4.43,4.3,4.17,4.11,4.08,4.13,4.19,4.46,4.36,4.36,4.51,
2024-12-03,,4.66,4.56,4.49,4.4,4.27,4.17,4.13,4.11,4.17,4.23,4.5,4.4,4.4,4.48,
2024-12-04,,4.65,4.54,4.47,4.38,4.23,4.13,4.09,4.07,4.13,4.19,4.45,4.35,4.35,4.46,
2024-12-05,,4.59,4.53,4.46,4.38,4.23,4.15,4.1,4.07,4.12,4.17,4.43,4.33,4.33,4.46,
2024-12-06,,4.57,4.5,4.42,4.34,4.19,4.1,4.05,4.03,4.09,4.15,4.42,4.34,4.34,4.42,
2024-12-09,,4.56,4.5,4.42,4.34,4.2,4.13,4.09,4.07,4.13,4.2,4.47,4.39,4.39,4.43,
2024-12-10,,4.53,4.48,4.41,4.35,4.22,4.15,4.08,4.09,4.15,4.22,4.49,4.41,4.41,4.42,
2024-12-11,,4.49,4.45,4.38,4.32,4.21,4.15,4.09,4.13,4.2,4.26,4.55,4.48,4.48,4.38,
2024-12-12,,4.43,4.44,4.35,4.31,4.22,4.18,4.14,4.18,4.25,4.32,4.62,4.55,4.55,4.36,
2024-12-13,,4.43,4.43,4.34,4.32,4.24,4.25,4.21,4.25,4.33,4.4,4.69,4.61,4.61,4.36,
2024-12-16,,4.43,4.44,4.37,4.3,4.24,4.25,4.22,4.25,4.32,4.39,4.68,4.6,4.6,4.36,
2024-12-17,,4.46,4.44,4.38,4.3,4.25,4.25,4.22,4.26,4.33,4.4,4.68,4.59,4.59,4.36,
2024-12-18,,4.44,4.43,4.36,4.3,4.3,4.35,4.35,4.4,4.45,4.5,4.74,4.65,4.65,4.36,
2024-12-19,,4.42,4.42,4.35,4.29,4.28,4.32,4.35,4.43,4.51,4.57,4.82,4.74,4.74,4.35,
2024-12-20,,4.43,4.42,4.34,4.29,4.27,4.3,4.32,4.37,4.45,4.52,4.79,4.72,4.72,4.35,
2024-12-23,,4.44,4.44,4.36,4.3,4.26,4.3,4.36,4.44,4.52,4.59,4.85,4.78,4.78,4.37,
2024-12-24,,4.44,4.44,4.4,4.3,4.24,4.29,4.36,4.43,4.52,4.59,4.84,4.76,4.76,4.38,
2024-12-26,,4.45,4.45,4.35,4.31,4.23,4.3,4.35,4.42,4.49,4.58,4.83,4.76,4.76,4.37,
2024-12-27,,4.44,4.43,4.31,4.29,4.2,4.31,4.36,4.45,4.53,4.62,4.89,4.82,4.82,4.35,
2024-12-30,,4.43,4.42,4.37,4.25,4.17,4.24,4.29,4.37,4.46,4.55,4.84,4.77,4.77,4.33,
2024-12-31,,4.4,4.39,4.37,4.24,4.16,4.25,4.27,4.38,4.48,4.58,4.86,4.78,4.78,4.32,
2025-01-02,,4.45,4.36,4.36,4.25,4.17,4.25,4.29,4.38,4.47,4.57,4.86,4.79,4.79,4.31,
2025-01-03,,4.44,4.35,4.34,4.25,4.18,4.28,4.32,4.41,4.51,4.6,4.88,4.82,4.82,4.31,
2025-01-06,,4.43,4.36,4.35,4.24,4.17,4.28,4.3,4.42,4.52,4.62,4.91,4.85,4.85,4.31,
2025-01-07,,4.42,4.35,4.35,4.24,4.19,4.3,4.33,4.46,4.57,4.67,4.97,4.91,4.91,4.31,
2025-01-08,,4.41,4.34,4.35,4.25,4.19,4.28,4.31,4.45,4.56,4.67,4.97,4.91,4.91,4.31,
2025-01-09,,4.44,4.36,4.35,4.24,4.16,4.27,4.31,4.46,4.57,4.68,4.98,4.92,4.92,4.31,
2025-01-10,,4.42,4.35,4.36,4.27,4.25,4.4,4.46,4.59,4.7,4.77,5.04,4.96,4.96,4.33,
2025-01-13,,4.42,4.36,4.37,4.3,4.24,4.4,4.49,4.61,4.71,4.79,5.05,4.97,4.97,4.34,
2025-01-14,,4.42,4.35,4.36,4.29,4.22,4.37,4.46,4.59,4.7,4.78,5.06,4.98,4.98,4.33,
2025-01-15,,4.4,4.34,4.35,4.26,4.19,4.27,4.34,4.45,4.55,4.66,4.95,4.88,4.88,4.32,
2025-01-16,,4.43,4.36,4.34,4.26,4.18,4.23,4.29,4.39,4.5,4.61,4.91,4.84,4.84,4.32,
2025-01-17,,4.43,4.35,4.34,4.28,4.21,4.27,4.33,4.42,4.52,4.61,4.91,4.84,4.84,4.32,
2025-01-21,,4.42,4.35,4.36,4.28,4.21,4.29,4.33,4.4,4.49,4.57,4.87,4.8,4.8,4.33,
2025-01-22,,4.42,4.35,4.36,4.28,4.2,4.29,4.34,4.43,4.51,4.6,4.89,4.82,4.82,4.32,
2025-01-23,,4.45,4.36,4.36,4.27,4.18,4.29,4.35,4.45,4.55,4.65,4.92,4.87,4.87,4.32,
2025-01-24,,4.45,4.36,4.35,4.25,4.17,4.27,4.33,4.43,4.53,4.63,4.91,4.85,4.85,4.32,
2025-01-27,,4.44,4.36,4.32,4.25,4.13,4.17,4.24,4.32,4.43,4.53,4.82,4.76,4.76,4.3,
2025-01-28,,4.44,4.35,4.31,4.26,4.14,4.19,4.25,4.33,4.43,4.55,4.84,4.78,4.78,4.3,
2025-01-29,,4.43,4.34,4.31,4.27,4.17,4.21,4.27,4.35,4.44,4.55,4.85,4.79,4.79,4.34,
2025-01-30,,4.37,4.38,4.3,4.27,4.16,4.18,4.24,4.31,4.41,4.52,4.81,4.76,4.76,4.33,
2025-01-31,,4.37,4.37,4.31,4.28,4.17,4.22,4.27,4.36,4.47,4.58,4.88,4.83,4.83,4.33,
2025-02-03,,4.37,4.38,4.34,4.28,4.2,4.26,4.28,4.35,4.45,4.54,4.82,4.77,4.77,4.35,
2025-02-04,,4.36,4.38,4.33,4.27,4.18,4.21,4.25,4.31,4.42,4.52,4.81,4.75,4.75,4.35,
2025-02-05,,4.35,4.37,4.33,4.27,4.17,4.17,4.19,4.24,4.33,4.43,4.69,4.64,4.64,4.35,
2025-02-06,,4.37,4.38,4.34,4.28,4.19,4.21,4.23,4.28,4.36,4.45,4.7,4.65,4.65,4.36,
2025-02-07,,4.37,4.38,4.35,4.3,4.25,4.29,4.31,4.34,4.42,4.49,4.75,4.69,4.69,4.37,
2025-02-10,,4.38,4.4,4.35,4.31,4.24,4.28,4.3,4.34,4.42,4.51,4.76,4.71,4.71,4.37,
2025-02-11,,4.38,4.4,4.35,4.31,4.25,4.29,4.28,4.37,4.45,4.54,4.8,4.75,4.75,4.37,
2025-02-12,,4.38,4.39,4.35,4.33,4.3,4.36,4.37,4.48,4.56,4.62,4.9,4.83,4.83,4.36,
2025-02-13,,4.37,4.39,4.34,4.33,4.27,4.31,4.31,4.39,4.46,4.52,4.79,4.72,4.72,4.35,
2025-02-14,,4.37,4.38,4.34,4.32,4.23,4.26,4.26,4.33,4.41,4.47,4.75,4.69,4.69,4.35,
2025-02-18,,4.38,4.38,4.34,4.34,4.24,4.29,4.33,4.4,4.48,4.55,4.83,4.77,4.77,4.37,4.41
2025-02-19,,4.38,4.38,4.34,4.34,4.22,4.28,4.3,4.37,4.46,4.53,4.79,4.76,4.76,4.35,4.42
2025-02-20,,4.37,4.38,4.33,4.33,4.2,4.28,4.27,4.34,4.43,4.5,4.77,4.74,4.74,4.35,4.4
2025-02-21,,4.36,4.38,4.32,4.3,4.15,4.19,4.19,4.26,4.35,4.42,4.69,4.67,4.67,4.34,4.39
2025-02-24,307431.0,4.36,4.37,4.31,4.3,4.15,4.13,4.17,4.23,4.32,4.4,4.69,4.66,4.66,4.34,4.38
2025-02-25,,4.34,4.37,4.3,4.28,4.12,4.07,4.08,4.12,4.21,4.3,4.59,4.55,4.55,4.33,4.37
2025-02-26,,4.35,4.37,4.31,4.28,4.12,4.05,4.04,4.06,4.16,4.25,4.55,4.51,4.51,4.32,4.38
2025-02-27,,4.38,4.38,4.32,4.28,4.13,4.07,4.05,4.09,4.19,4.29,4.59,4.56,4.56,4.32,4.38
2025-02-28,,4.38,4.38,4.32,4.25,4.08,3.99,3.99,4.03,4.14,4.24,4.55,4.51,4.51,4.32,4.37
2025-03-03,307556.0,4.38,4.37,4.35,4.31,4.06,3.96,3.93,3.97,4.06,4.16,4.49,4.45,4.45,4.31,4.38
2025-03-04,,4.39,4.37,4.34,4.28,4.04,3.96,3.94,4.01,4.11,4.22,4.56,4.53,4.53,4.31,4.38
2025-03-05,,4.38,4.36,4.35,4.3,4.06,3.99,4.01,4.08,4.18,4.28,4.61,4.57,4.57,4.3,4.38
2025-03-06,,4.38,4.34,4.34,4.27,4.02,3.96,3.98,4.06,4.18,4.29,4.63,4.58,4.58,4.28,4.37
2025-03-07,,4.38,4.33,4.34,4.29,4.05,3.99,4.01,4.09,4.21,4.32,4.66,4.62,4.62,4.29,4.36
2025-03-10,,4.37,4.34,4.33,4.25,3.98,3.89,3.91,3.98,4.1,4.22,4.58,4.54,4.54,4.28,4.35
2025-03-11,,4.37,4.33,4.34,4.26,4.03,3.94,3.92,4.03,4.16,4.28,4.63,4.59,4.59,4.28,4.37
2025-03-12,,4.36,4.34,4.35,4.27,4.07,4.01,3.98,4.09,4.2,4.32,4.67,4.63,4.63,4.3,4.36
2025-03-13,,4.37,4.34,4.34,4.27,4.03,3.94,3.93,4.02,4.15,4.27,4.63,4.59,4.59,4.28,4.37
2025-03-14,,4.37,4.33,4.33,4.29,4.09,4.02,4.0,4.09,4.2,4.31,4.65,4.62,4.62,4.3,4.36
2025-03-17,,4.37,4.33,4.34,4.29,4.11,4.06,4.03,4.11,4.21,4.31,4.64,4.6,4.6,4.3,4.35
2025-03-18,,4.37,4.33,4.34,4.29,4.13,4.04,4.01,4.07,4.18,4.29,4.61,4.58,4.58,4.29,4.35
2025-03-19,,4.37,4.32,4.33,4.29,4.1,3.99,3.95,4.03,4.14,4.25,4.58,4.56,4.56,4.3,4.34
2025-03-20,,4.36,4.34,4.33,4.27,4.06,3.95,3.93,4.01,4.12,4.24,4.57,4.55,4.55,4.29,4.34
2025-03-21,,4.36,4.33,4.33,4.26,4.04,3.94,3.92,4.0,4.12,4.25,4.6,4.59,4.59,4.29,4.33
2025-03-24,,4.35,4.34,4.33,4.27,4.11,4.04,4.01,4.09,4.22,4.34,4.68,4.66,4.66,4.3,4.34
2025-03-25,,4.36,4.33,4.33,4.26,4.09,3.96,3.98,4.07,4.19,4.31,4.67,4.65,4.65,4.3,4.34
2025-03-26,,4.36,4.33,4.33,4.26,4.1,3.98,4.01,4.08,4.22,4.35,4.71,4.69,4.69,4.31,4.34
2025-03-27,,4.37,4.36,4.33,4.27,4.1,3.97,4.0,4.09,4.23,4.38,4.75,4.73,4.73,4.31,4.35
2025-03-28,,4.38,4.35,4.33,4.26,4.04,3.89,3.91,3.98,4.11,4.27,4.65,4.64,4.64,4.3,4.35
2025-03-31,,4.38,4.35,4.32,4.23,4.03,3.89,3.89,3.96,4.09,4.23,4.62,4.59,4.59,4.31,4.36
2025-04-01,,4.38,4.35,4.32,4.23,4.01,3.87,3.85,3.91,4.03,4.17,4.56,4.52,4.52,4.3,4.36
2025-04-02,,4.38,4.34,4.32,4.24,4.04,3.91,3.89,3.95,4.07,4.2,4.58,4.54,4.54,4.32,4.36
2025-04-03,,4.36,4.38,4.31,4.2,3.92,3.71,3.68,3.75,3.88,4.06,4.51,4.49,4.49,4.29,4.37
2025-04-04,,4.36,4.36,4.28,4.14,3.86,3.68,3.66,3.72,3.84,4.01,4.44,4.41,4.41,4.25,4.35
2025-04-07,,4.36,4.36,4.29,4.14,3.86,3.73,3.72,3.82,3.97,4.15,4.61,4.58,4.58,4.28,4.36
2025-04-08,,4.36,4.37,4.31,4.14,3.83,3.71,3.71,3.88,4.05,4.26,4.76,4.71,4.71,4.3,4.39
2025-04-09,,4.36,4.37,4.35,4.23,4.03,3.91,3.91,4.06,4.2,4.34,4.78,4.72,4.72,4.36,4.38
2025-04-10,,4.36,4.39,4.34,4.17,3.97,3.84,3.85,4.04,4.21,4.4,4.9,4.86,4.86,4.33,4.36
2025-04-11,,4.37,4.38,4.34,4.21,4.04,3.96,3.98,4.15,4.32,4.48,4.91,4.85,4.85,4.35,4.35
2025-04-14,,4.34,4.37,4.33,4.21,3.99,3.84,3.87,4.02,4.2,4.38,4.84,4.8,4.8,4.34,4.36
2025-04-15,,4.35,4.36,4.33,4.21,3.99,3.84,3.85,3.98,4.15,4.35,4.82,4.79,4.79,4.32,4.36
2025-04-16,,4.35,4.35,4.33,4.2,3.96,3.77,3.77,3.91,4.08,4.29,4.77,4.74,4.74,4.34,4.35
2025-04-17,,4.36,4.38,4.34,4.22,3.99,3.81,3.82,3.95,4.13,4.34,4.82,4.8,4.8,4.35,4.35
2025-04-21,,4.35,4.37,4.34,4.21,3.95,3.75,3.77,3.97,4.19,4.42,4.94,4.91,4.91,4.33,4.35
2025-04-22,,4.33,4.35,4.33,4.21,3.98,3.76,3.82,3.98,4.19,4.41,4.9,4.88,4.88,4.33,4.37
2025-04-23,,4.33,4.34,4.33,4.22,4.01,3.81,3.87,4.0,4.2,4.4,4.86,4.83,4.83,4.33,4.36
2025-04-24,,4.34,4.37,4.32,4.22,3.97,3.77,3.8,3.91,4.11,4.32,4.79,4.77,4.77,4.32,4.36
2025-04-25,,4.34,4.36,4.32,4.22,3.95,3.74,3.76,3.88,4.06,4.29,4.75,4.74,4.74,4.32,4.37
2025-04-28,,4.35,4.37,4.32,4.22,3.92,3.67,3.67,3.81,4.01,4.23,4.71,4.69,4.69,4.32,4.37
2025-04-29,,4.35,4.36,4.31,4.2,3.89,3.65,3.65,3.77,3.96,4.19,4.66,4.64,4.64,4.3,4.38
2025-04-30,,4.35,4.36,4.31,4.19,3.85,3.6,3.58,3.72,3.93,4.17,4.68,4.66,4.66,4.37,4.37
2025-05-01,,4.38,4.34,4.31,4.22,3.92,3.7,3.69,3.81,4.02,4.25,4.75,4.74,4.74,4.38,4.36
2025-05-02,,4.38,4.34,4.33,4.26,4.0,3.83,3.82,3.92,4.11,4.33,4.81,4.79,4.79,4.41,4.36
2025-05-05,,4.38,4.34,4.33,4.27,4.02,3.83,3.78,3.95,4.14,4.36,4.84,4.83,4.83,4.4,4.36
2025-05-06,,4.37,4.33,4.33,4.25,3.98,3.78,3.73,3.9,4.1,4.3,4.82,4.81,4.81,4.38,4.37
2025-05-07,,4.37,4.33,4.34,4.27,4.0,3.78,3.72,3.87,4.06,4.26,4.78,4.77,4.77,4.39,4.37
2025-05-08,,4.37,4.35,4.34,4.28,4.05,3.9,3.85,4.0,4.18,4.37,4.86,4.83,4.83,4.4,4.37
2025-05-09,,4.37,4.34,4.34,4.28,4.05,3.88,3.85,4.0,4.18,4.37,4.86,4.83,4.83,4.4,4.36
2025-05-12,,4.38,4.36,4.42,4.29,4.11,3.98,3.97,4.09,4.27,4.45,4.92,4.89,4.89,4.45,4.37
2025-05-13,,4.39,4.35,4.41,4.29,4.11,4.02,4.0,4.12,4.3,4.49,4.97,4.94,4.94,4.45,4.38
2025-05-14,,4.39,4.36,4.41,4.3,4.14,4.05,4.05,4.17,4.35,4.53,5.0,4.97,4.97,4.44,4.38
2025-05-15,,4.37,4.35,4.38,4.29,4.1,3.96,3.95,4.07,4.25,4.45,4.93,4.91,4.91,4.43,4.38
2025-05-16,,4.37,4.34,4.37,4.3,4.13,3.98,3.95,4.06,4.24,4.43,4.92,4.89,4.89,4.42,4.36
2025-05-19,,4.37,4.35,4.39,4.32,4.12,3.97,3.95,4.07,4.26,4.46,4.95,4.92,4.92,4.42,4.36
2025-05-20,,4.36,4.34,4.38,4.32,4.12,3.97,3.95,4.07,4.27,4.48,4.99,4.96,4.96,4.42,4.35
2025-05-21,,4.35,4.34,4.36,4.33,4.13,4.0,4.0,4.15,4.37,4.58,5.08,5.08,5.08,4.42,4.34
2025-05-22,,4.37,4.35,4.37,4.34,4.13,4.0,3.99,4.11,4.32,4.54,5.05,5.05,5.05,4.42,4.34
2025-05-23,,4.36,4.35,4.36,4.35,4.15,4.0,3.96,4.08,4.29,4.51,5.03,5.04,5.04,4.43,4.34
2025-05-27,,4.35,4.35,4.35,4.35,4.14,3.92,3.93,4.04,4.22,4.43,4.95,4.94,4.94,4.43,4.35
2025-05-28,,4.35,4.35,4.35,4.36,4.16,3.96,3.95,4.05,4.27,4.47,4.99,4.97,4.97,4.38,4.35
2025-05-29,,4.34,4.35,4.36,4.36,4.13,3.92,3.91,4.0,4.2,4.43,4.94,4.92,4.92,4.39,4.34
2025-05-30,,4.33,4.35,4.36,4.36,4.11,3.89,3.87,3.96,4.18,4.41,4.93,4.92,4.92,4.39,4.35
2025-06-02,,4.33,4.36,4.44,4.31,4.12,3.94,3.91,4.01,4.22,4.46,5.0,4.99,4.99,4.38,4.33
2025-06-03,,4.33,4.35,4.43,4.31,4.12,3.96,3.93,4.04,4.23,4.46,5.0,4.98,4.98,4.38,4.34
2025-06-04,,4.32,4.35,4.44,4.29,4.06,3.87,3.84,3.93,4.14,4.37,4.9,4.89,4.89,4.37,4.34
2025-06-05,,4.26,4.35,4.44,4.29,4.08,3.92,3.9,3.99,4.18,4.4,4.9,4.88,4.88,4.37,4.33
2025-06-06,,4.28,4.35,4.43,4.31,4.14,4.04,4.02,4.13,4.31,4.51,4.99,4.97,4.97,4.38,4.31
2025-06-09,,4.29,4.36,4.44,4.32,4.13,4.01,3.99,4.09,4.28,4.49,4.98,4.95,4.95,4.38,4.32
2025-06-10,,4.29,4.37,4.45,4.32,4.12,4.01,3.95,4.08,4.27,4.47,4.96,4.93,4.93,4.38,4.31
2025-06-11,1.0,4.3,4.39,4.45,4.31,4.08,3.94,3.89,4.02,4.21,4.41,4.93,4.91,4.91,4.39,4.32
2025-06-12,2.0,4.18,4.49,4.46,4.29,4.06,3.9,3.85,3.97,4.15,4.36,4.86,4.84,4.84,4.4,4.3
2025-06-13,3.0,4.23,4.48,4.45,4.3,4.09,3.96,3.9,4.02,4.2,4.41,4.93,4.9,4.9,4.4,4.32
2025-06-16,4.0,4.24,4.47,4.43,4.32,4.1,3.97,3.93,4.04,4.23,4.46,4.97,4.96,4.96,4.4,4.36
2025-06-17,5.0,4.23,4.46,4.42,4.31,4.1,3.94,3.9,3.99,4.17,4.39,4.89,4.88,4.88,4.39,4.31
2025-06-18,6.0,4.2,4.58,4.42,4.33,4.1,3.94,3.89,3.98,4.17,4.38,4.89,4.88,4.88,4.41,4.36
2025-06-20,7.0,4.2,4.55,4.39,4.29,4.07,3.9,3.86,3.96,4.16,4.38,4.9,4.89,4.89,4.4,4.38
2025-06-23,8.0,4.2,4.52,4.38,4.28,4.0,3.84,3.8,3.91,4.1,4.34,4.87,4.87,4.87,4.37,4.4
2025-06-24,9.0,4.21,4.44,4.38,4.27,3.99,3.75,3.75,3.86,4.06,4.3,4.83,4.83,4.83,4.37,4.53
2025-06-25,10.0,4.21,4.43,4.38,4.26,3.99,3.74,3.74,3.83,4.05,4.29,4.83,4.83,4.83,4.36,4.46
2025-06-26,11.0,4.11,4.49,4.39,4.26,3.96,3.7,3.68,3.79,4.0,4.26,4.81,4.81,4.81,4.36,4.47
2025-06-27,12.0,4.19,4.49,4.39,4.26,3.97,3.73,3.72,3.83,4.03,4.29,4.85,4.85,4.85,4.36,4.43
2025-06-30,13.0,4.28,4.45,4.41,4.29,3.96,3.72,3.68,3.79,3.98,4.24,4.79,4.78,4.78,4.36,4.41
2025-07-01,14.0,4.32,4.42,4.4,4.29,3.98,3.78,3.75,3.84,4.03,4.26,4.79,4.78,4.78,4.35,4.44
2025-07-02,15.0,4.33,4.43,4.41,4.28,3.99,3.78,3.77,3.87,4.06,4.3,4.84,4.82,4.82,4.37,4.44
2025-07-03,16.0,4.35,4.5,4.42,4.34,4.07,3.88,3.84,3.94,4.12,4.35,4.87,4.86,4.86,4.41,4.43
2025-07-07,17.0,4.37,4.45,4.42,4.33,4.08,3.9,3.85,3.96,4.16,4.4,4.93,4.92,4.92,4.41,4.43
2025-07-08,18.0,4.36,4.46,4.42,4.34,4.11,3.9,3.86,3.99,4.18,4.42,4.95,4.94,4.94,4.42,4.41
2025-07-09,19.0,4.36,4.45,4.42,4.31,4.07,3.86,3.8,3.92,4.11,4.34,4.87,4.87,4.87,4.42,4.4
2025-07-10,20.0,4.36,4.47,4.42,4.31,4.07,3.86,3.82,3.93,4.12,4.35,4.87,4.86,4.86,4.42,4.39
2025-07-11,21.0,4.37,4.47,4.41,4.31,4.09,3.9,3.86,3.99,4.19,4.43,4.96,4.96,4.96,4.42,4.39
2025-07-14,22.0,4.37,4.46,4.42,4.31,4.08,3.9,3.86,3.98,4.19,4.43,4.97,4.97,4.97,4.42,4.41
2025-07-15,23.0,4.36,4.46,4.42,4.33,4.12,3.95,3.93,4.05,4.26,4.5,5.02,5.01,5.01,4.43,4.4
2025-07-16,24.0,4.36,4.45,4.41,4.31,4.08,3.88,3.86,3.99,4.21,4.46,5.01,5.01,5.01,4.42,4.4
2025-07-17,25.0,4.36,4.47,4.41,4.31,4.1,3.91,3.89,4.01,4.22,4.47,5.01,5.01,5.01,4.42,4.39
2025-07-18,26.0,4.35,4.46,4.4,4.3,4.08,3.88,3.84,3.96,4.18,4.44,4.99,5.0,5.0,4.42,4.39
2025-07-21,27.0,4.35,4.46,4.41,4.3,4.06,3.85,3.81,3.91,4.13,4.38,4.93,4.94,4.94,4.42,4.41
2025-07-22,28.0,4.37,4.45,4.41,4.3,4.05,3.83,3.77,3.88,4.09,4.35,4.9,4.9,4.9,4.42,4.46
2025-07-23,29.0,4.37,4.45,4.41,4.31,4.08,3.88,3.84,3.94,4.15,4.4,4.93,4.95,4.95,4.42,4.46
2025-07-24,30.0,4.37,4.46,4.42,4.32,4.1,3.91,3.87,3.98,4.18,4.43,4.95,4.96,4.96,4.42,4.47
2025-07-25,31.0,4.37,4.46,4.42,4.31,4.09,3.91,3.86,3.95,4.15,4.4,4.92,4.92,4.92,4.42,4.46
2025-07-28,32.0,4.4,4.45,4.4,4.3,4.09,3.91,3.87,3.96,4.18,4.42,4.95,4.96,4.96,4.42,4.47
2025-07-29,33.0,4.4,4.45,4.4,4.28,4.07,3.86,3.82,3.9,4.1,4.34,4.86,4.86,4.86,4.41,4.47
2025-07-30,34.0,4.41,4.45,4.41,4.31,4.12,3.94,3.89,3.96,4.15,4.38,4.9,4.89,4.89,4.39,4.48
2025-07-31,35.0,4.49,4.46,4.41,4.31,4.1,3.94,3.89,3.96,4.14,4.37,4.89,4.89,4.89,4.4,4.47
2025-08-01,36.0,4.49,4.44,4.35,4.16,3.87,3.69,3.67,3.77,3.97,4.23,4.79,4.81,4.81,4.3,4.46
2025-08-04,37.0,4.48,4.43,4.35,4.15,3.82,3.69,3.66,3.75,3.95,4.22,4.78,4.8,4.8,4.28,4.46
2025-08-05,38.0,4.49,4.41,4.34,4.16,3.92,3.72,3.63,3.77,3.97,4.22,4.77,4.78,4.78,4.29,4.48
2025-08-06,39.0,4.48,4.4,4.32,4.15,3.9,3.69,3.63,3.77,3.97,4.22,4.8,4.81,4.81,4.27,4.47
2025-08-07,40.0,4.49,4.41,4.32,4.15,3.92,3.72,3.66,3.79,3.99,4.23,4.81,4.81,4.81,4.27,4.46
2025-08-08,41.0,4.48,4.39,4.32,4.15,3.93,3.76,3.7,3.84,4.03,4.27,4.84,4.85,4.85,4.27,4.43
2025-08-11,42.0,4.46,4.38,4.34,4.15,3.93,3.76,3.71,3.83,4.03,4.27,4.83,4.84,4.84,4.27,4.41
2025-08-12,43.0,4.44,4.35,4.33,4.12,3.9,3.72,3.69,3.83,4.03,4.29,4.87,4.88,4.88,4.25,4.44
2025-08-13,44.0,4.44,4.32,4.29,4.09,3.86,3.67,3.64,3.77,3.98,4.24,4.81,4.83,4.83,4.21,4.42
2025-08-14,45.0,4.48,4.36,4.3,4.12,3.91,3.74,3.7,3.82,4.03,4.29,4.86,4.88,4.88,4.22,4.43
2025-08-15,46.0,4.48,4.35,4.3,4.12,3.93,3.75,3.73,3.85,4.07,4.33,4.91,4.92,4.92,4.22,4.42
2025-08-18,47.0,4.47,4.35,4.33,4.13,3.93,3.77,3.73,3.86,4.07,4.34,4.92,4.94,4.94,4.22,4.4
2025-08-19,48.0,4.46,4.35,4.3,4.11,3.91,3.75,3.7,3.82,4.04,4.3,4.89,4.9,4.9,4.21,4.4
2025-08-20,49.0,4.45,4.35,4.3,4.11,3.9,3.74,3.69,3.81,4.02,4.29,4.86,4.89,4.89,4.22,4.4
2025-08-21,50.0,4.49,4.39,4.32,4.14,3.95,3.79,3.75,3.86,4.07,4.33,4.89,4.92,4.92,4.24,4.41
2025-08-22,51.0,4.47,4.36,4.27,4.08,3.87,3.68,3.64,3.76,3.98,4.26,4.84,4.88,4.88,4.21,4.38
2025-08-25,52.0,4.45,4.35,4.29,4.08,3.88,3.73,3.68,3.8,4.01,4.28,4.86,4.89,4.89,4.21,4.38
2025-08-26,53.0,4.42,4.34,4.28,4.06,3.85,3.61,3.63,3.75,3.98,4.26,4.86,4.9,4.9,4.2,4.37
2025-08-27,54.0,4.42,4.3,4.26,4.04,3.83,3.59,3.59,3.69,3.95,4.24,4.87,4.91,4.91,4.18,4.36
2025-08-28,55.0,4.42,4.31,4.26,4.04,3.85,3.62,3.6,3.69,3.92,4.22,4.83,4.88,4.88,4.17,4.35
2025-08-29,56.0,4.41,4.3,4.23,4.01,3.83,3.59,3.58,3.68,3.92,4.23,4.86,4.92,4.92,4.17,4.34
2025-09-02,57.0,4.4,4.29,4.2,3.99,3.82,3.66,3.63,3.74,3.98,4.28,4.92,4.97,4.97,4.15,4.35
2025-09-03,58.0,4.35,4.26,4.18,3.96,3.77,3.61,3.58,3.69,3.92,4.22,4.85,4.9,4.9,4.14,4.33
2025-09-04,59.0,4.33,4.28,4.16,3.94,3.76,3.59,3.55,3.65,3.87,4.17,4.81,4.86,4.86,4.12,4.3
2025-09-05,60.0,4.29,4.24,4.07,3.85,3.65,3.51,3.48,3.59,3.8,4.1,4.72,4.78,4.78,4.05,4.24
2025-09-08,61.0,4.26,4.21,4.1,3.84,3.64,3.49,3.47,3.57,3.77,4.05,4.65,4.69,4.69,4.04,4.23
2025-09-09,62.0,4.25,4.22,4.1,3.85,3.68,3.54,3.48,3.61,3.81,4.08,4.68,4.72,4.72,4.05,4.25
2025-09-10,63.0,4.23,4.2,4.09,3.83,3.66,3.54,3.47,3.59,3.78,4.04,4.65,4.69,4.69,4.02,4.23
2025-09-11,64.0,4.22,4.18,4.08,3.82,3.63,3.52,3.47,3.59,3.76,4.01,4.61,4.65,4.65,4.0,4.22
2025-09-12,65.0,4.24,4.2,4.08,3.83,3.66,3.56,3.52,3.63,3.81,4.06,4.65,4.68,4.68,4.02,4.24
2025-09-15,66.0,4.22,4.17,4.06,3.81,3.64,3.54,3.5,3.61,3.79,4.05,4.63,4.66,4.66,4.0,4.21
2025-09-16,67.0,4.2,4.15,4.04,3.81,3.62,3.51,3.47,3.59,3.78,4.04,4.61,4.65,4.65,4.0,4.19
2025-09-17,68.0,4.17,4.11,4.02,3.8,3.6,3.52,3.51,3.62,3.81,4.06,4.62,4.66,4.66,3.97,4.16
2025-09-18,69.0,4.2,4.14,4.03,3.81,3.61,3.57,3.55,3.67,3.86,4.11,4.68,4.72,4.72,3.98,4.17
2025-09-19,70.0,4.19,4.14,4.03,3.81,3.6,3.57,3.56,3.68,3.88,4.14,4.71,4.75,4.75,3.98,4.16
2025-09-22,71.0,4.17,4.13,4.0,3.81,3.61,3.61,3.59,3.71,3.9,4.15,4.73,4.77,4.77,3.98,4.15
2025-09-23,72.0,4.16,4.12,4.0,3.81,3.61,3.53,3.57,3.68,3.87,4.12,4.7,4.73,4.73,3.97,4.18
2025-09-24,73.0,4.18,4.13,4.02,3.82,3.63,3.57,3.6,3.7,3.91,4.16,4.73,4.76,4.76,3.98,4.19
2025-09-25,74.0,4.24,4.18,4.04,3.85,3.68,3.64,3.66,3.75,3.94,4.18,4.73,4.75,4.75,4.01,4.2
2025-09-26,75.0,4.22,4.17,4.02,3.83,3.67,3.63,3.66,3.76,3.96,4.2,4.74,4.77,4.77,4.0,4.2
2025-09-29,76.0,4.22,4.16,4.04,3.84,3.65,3.63,3.63,3.74,3.92,4.15,4.69,4.71,4.71,3.99,4.19
2025-09-30,77.0,4.2,4.15,4.02,3.83,3.68,3.6,3.61,3.74,3.93,4.16,4.71,4.73,4.73,3.98,4.19
2025-10-01,78.0,4.17,4.12,4.01,3.8,3.62,3.55,3.56,3.68,3.88,4.12,4.69,4.72,4.72,3.95,4.18
2025-10-02,79.0,4.23,4.11,4.02,3.81,3.62,3.55,3.56,3.67,3.86,4.1,4.66,4.69,4.69,3.96,4.18
2025-10-03,80.0,4.24,4.11,4.03,3.82,3.64,3.58,3.59,3.72,3.9,4.13,4.69,4.71,4.71,3.96,4.17
2025-10-06,81.0,4.22,4.11,4.02,3.81,3.66,3.6,3.63,3.75,3.95,4.18,4.73,4.76,4.76,3.95,4.14
2025-10-07,82.0,4.2,4.1,4.01,3.81,3.65,3.57,3.56,3.71,3.9,4.14,4.7,4.73,4.73,3.95,4.17
2025-10-08,83.0,4.2,4.09,4.01,3.82,3.66,3.58,3.58,3.72,3.91,4.13,4.69,4.72,4.72,3.94,4.16
2025-10-09,84.0,4.2,4.11,4.03,3.83,3.66,3.6,3.59,3.74,3.92,4.14,4.7,4.72,4.72,3.95,4.17
2025-10-10,85.0,4.19,4.1,4.02,3.81,3.6,3.52,3.52,3.65,3.83,4.05,4.6,4.63,4.63,3.96,4.16
2025-10-14,86.0,4.19,4.08,4.02,3.8,3.58,3.48,3.47,3.6,3.79,4.03,4.59,4.62,4.62,3.95,4.18
2025-10-15,87.0,4.2,4.09,4.03,3.82,3.61,3.5,3.51,3.63,3.82,4.05,4.61,4.64,4.64,3.98,4.18
2025-10-16,88.0,4.2,4.1,4.02,3.79,3.54,3.41,3.42,3.55,3.74,3.99,4.56,4.58,4.58,3.96,4.17
2025-10-17,89.0,4.18,4.08,4.0,3.79,3.56,3.46,3.47,3.59,3.78,4.02,4.58,4.6,4.6,3.95,4.15
2025-10-20,90.0,4.15,4.05,3.97,3.78,3.55,3.46,3.47,3.58,3.77,4.0,4.56,4.58,4.58,3.92,4.11
2025-10-21,91.0,4.12,4.05,3.96,3.78,3.56,3.45,3.46,3.56,3.74,3.98,4.53,4.55,4.55,3.9,4.09
2025-10-22,92.0,4.11,4.04,3.96,3.78,3.55,3.45,3.44,3.56,3.74,3.97,4.52,4.54,4.54,3.9,4.08
2025-10-23,93.0,4.12,4.05,3.95,3.78,3.59,3.48,3.49,3.61,3.79,4.01,4.55,4.58,4.58,3.9,4.08
2025-10-24,94.0,4.11,4.02,3.93,3.76,3.58,3.48,3.49,3.61,3.79,4.02,4.56,4.59,4.59,3.89,4.06
2025-10-27,95.0,4.09,4.0,3.89,3.73,3.59,3.48,3.5,3.61,3.79,4.01,4.55,4.57,4.57,3.87,4.03
2025-10-28,96.0,4.07,3.97,3.89,3.72,3.59,3.47,3.5,3.6,3.77,3.99,4.53,4.55,4.55,3.86,4.02
2025-10-29,97.0,4.03,3.99,3.93,3.79,3.7,3.59,3.6,3.7,3.87,4.08,4.59,4.61,4.61,3.86,4.01
2025-10-30,98.0,4.05,4.04,3.92,3.79,3.7,3.61,3.61,3.72,3.9,4.11,4.64,4.65,4.65,3.87,4.02
2025-10-31,99.0,4.06,4.04,3.89,3.79,3.7,3.6,3.6,3.71,3.89,4.11,4.65,4.67,4.67,3.87,4.02
2025-11-03,100.0,4.06,4.05,3.98,3.8,3.7,3.6,3.61,3.72,3.9,4.13,4.67,4.69,4.69,3.88,4.04
2025-11-04,101.0,4.02,4.01,3.96,3.78,3.67,3.58,3.59,3.69,3.88,4.1,4.65,4.67,4.67,3.87,4.04
2025-11-05,102.0,4.0,4.0,3.96,3.79,3.71,3.63,3.65,3.76,3.95,4.17,4.72,4.74,4.74,3.87,4.02
2025-11-06,103.0,4.02,3.98,3.93,3.76,3.65,3.57,3.58,3.69,3.87,4.11,4.67,4.69,4.69,3.84,3.96
2025-11-07,104.0,4.01,3.98,3.92,3.76,3.63,3.55,3.57,3.67,3.87,4.11,4.68,4.7,4.7,3.83,3.96
2025-11-10,105.0,4.04,4.0,3.95,3.79,3.66,3.58,3.56,3.72,3.9,4.13,4.69,4.71,4.71,3.85,4.04
2025-11-12,106.0,4.03,3.98,3.95,3.78,3.65,3.56,3.55,3.68,3.86,4.08,4.65,4.67,4.67,3.86,4.03
2025-11-13,107.0,4.05,4.0,3.96,3.8,3.68,3.58,3.57,3.71,3.89,4.11,4.69,4.7,4.7,3.88,4.02
2025-11-14,108.0,4.04,4.01,3.95,3.8,3.7,3.62,3.61,3.74,3.92,4.14,4.73,4.74,4.74,3.88,4.02
2025-11-17,109.0,4.04,4.01,3.97,3.81,3.69,3.6,3.6,3.72,3.9,4.13,4.71,4.73,4.73,3.87,4.01
2025-11-18,110.0,4.02,3.99,3.94,3.79,3.67,3.58,3.58,3.7,3.89,4.12,4.72,4.74,4.74,3.85,4.01
2025-11-19,111.0,4.01,4.0,3.95,3.8,3.68,3.58,3.59,3.71,3.9,4.13,4.71,4.75,4.75,3.86,4.02
2025-11-20,112.0,4.04,4.02,3.94,3.79,3.65,3.55,3.56,3.68,3.87,4.1,4.68,4.73,4.73,3.86,4.02
2025-11-21,113.0,4.03,4.0,3.9,3.75,3.62,3.51,3.5,3.62,3.82,4.06,4.67,4.71,4.71,3.84,4.01
2025-11-24,114.0,4.03,3.99,3.91,3.76,3.61,3.46,3.49,3.61,3.8,4.04,4.64,4.68,4.68,3.83,4.0
2025-11-25,115.0,4.04,3.97,3.9,3.75,3.6,3.43,3.46,3.55,3.77,4.01,4.62,4.67,4.67,3.82,4.0
2025-11-26,116.0,4.06,4.0,3.92,3.76,3.61,3.45,3.47,3.56,3.75,4.0,4.6,4.64,4.64,3.86,4.02
2025-11-28,117.0,4.05,3.99,3.88,3.74,3.61,3.47,3.49,3.59,3.78,4.02,4.62,4.67,4.67,3.86,3.97
2025-12-01,118.0,3.98,3.92,3.81,3.75,3.62,3.54,3.55,3.67,3.86,4.09,4.71,4.74,4.74,3.82,3.93
2025-12-02,119.0,3.9,3.83,3.77,3.72,3.59,3.51,3.54,3.66,3.85,4.09,4.7,4.74,4.74,3.78,3.85
2025-12-03,120.0,3.83,3.78,3.72,3.68,3.57,3.49,3.5,3.62,3.82,4.06,4.68,4.73,4.73,3.73,3.8
2025-12-04,121.0,3.83,3.78,3.71,3.69,3.6,3.52,3.55,3.68,3.87,4.11,4.72,4.76,4.76,3.73,3.78
2025-12-05,122.0,3.82,3.77,3.71,3.68,3.61,3.56,3.59,3.72,3.9,4.14,4.75,4.79,4.79,3.73,3.78
2025-12-08,123.0,3.82,3.78,3.73,3.69,3.61,3.57,3.59,3.75,3.94,4.17,4.78,4.81,4.81,3.73,3.79
2025-12-09,124.0,3.81,3.78,3.73,3.7,3.63,3.61,3.62,3.78,3.96,4.18,4.77,4.8,4.8,3.73,3.8
2025-12-10,125.0,3.79,3.75,3.69,3.66,3.58,3.54,3.56,3.72,3.92,4.13,4.74,4.78,4.78,3.69,3.78
2025-12-11,126.0,3.77,3.76,3.66,3.62,3.56,3.52,3.55,3.72,3.91,4.14,4.75,4.79,4.79,3.67,3.77
2025-12-12,127.0,3.76,3.75,3.63,3.58,3.54,3.52,3.58,3.75,3.95,4.19,4.82,4.85,4.85,3.64,3.75
2025-12-15,128.0,3.77,3.75,3.65,3.6,3.52,3.51,3.56,3.73,3.94,4.18,4.8,4.84,4.84,3.65,3.76
2025-12-16,129.0,3.76,3.73,3.64,3.6,3.51,3.48,3.52,3.69,3.9,4.15,4.77,4.82,4.82,3.64,3.77
2025-12-17,130.0,3.73,3.73,3.64,3.59,3.51,3.49,3.53,3.7,3.91,4.16,4.78,4.83,4.83,3.65,3.74
2025-12-18,131.0,3.71,3.72,3.62,3.58,3.49,3.46,3.5,3.66,3.87,4.12,4.74,4.8,4.8,3.63,3.71
2025-12-19,132.0,3.71,3.72,3.62,3.6,3.51,3.48,3.53,3.7,3.91,4.16,4.77,4.82,4.82,3.64,3.71
2025-12-22,133.0,3.72,3.71,3.64,3.6,3.53,3.44,3.56,3.71,3.93,4.17,4.78,4.84,4.84,3.65,3.71
2025-12-23,134.0,3.71,3.7,3.65,3.59,3.52,3.48,3.58,3.72,3.94,4.18,4.78,4.83,4.83,3.66,3.72
2025-12-24,135.0,3.72,3.74,3.69,3.59,3.5,3.47,3.56,3.7,3.91,4.15,4.75,4.79,4.79,3.67,3.73
2025-12-26,136.0,3.7,3.72,3.64,3.58,3.49,3.46,3.54,3.68,3.89,4.14,4.76,4.81,4.81,3.66,3.69
2025-12-29,137.0,3.69,3.7,3.68,3.59,3.48,3.45,3.51,3.67,3.88,4.12,4.75,4.8,4.8,3.66,3.7
2025-12-30,138.0,3.65,3.65,3.65,3.59,3.47,3.45,3.5,3.68,3.89,4.14,4.76,4.81,4.81,3.63,3.71
2025-12-31,139.0,3.74,3.67,3.67,3.59,3.48,3.47,3.55,3.73,3.94,4.18,4.79,4.84,4.84,3.63,3.75
