period,rebalance_date,train_start,train_end,test_end,n_days,strategy,cov_method,lw_delta,rf_alloc,n_assets,weights,in_sample_sharpe,turnover,cost,gross_return,net_return
0,2022-01-04,2021-01-05,2022-01-03,2022-02-02,21,qubo_sample,sample,,0.0008,5,GOOG:0.1787;NVDA:0.0846;BAC:0.2411;PFE:0.2721;COST:0.2235,3.873689426723511,0.9999999999999999,0.0009999999999999998,-0.035406860386685834,-0.036371453526299335
0,2022-01-04,2021-01-05,2022-01-03,2022-02-02,21,qubo_lw,ledoit_wolf,0.05758549807856929,0.0008,5,GOOG:0.2381;NVDA:0.1380;BAC:0.2303;PFE:0.3331;XOM:0.0606,3.75912476244937,1.0,0.001,-0.011659585348896662,-0.012647925763547785
0,2022-01-04,2021-01-05,2022-01-03,2022-02-02,21,mv_sample,sample,,0.0008,9,MSFT:0.0724;GOOG:0.0925;NVDA:0.0647;BAC:0.1579;UNH:0.1403;PFE:0.2430;XOM:0.0582;TSLA:0.0156;COST:0.1554,3.9792932845975995,0.9999999999999999,0.0009999999999999998,-0.027701800823943357,-0.028674099023119015
0,2022-01-04,2021-01-05,2022-01-03,2022-02-02,21,mv_lw,ledoit_wolf,0.05758549807856929,0.0008,11,MSFT:0.0763;GOOG:0.0924;NVDA:0.0678;GS:0.0155;BAC:0.1410;UNH:0.1380;PFE:0.2387;PG:0.0024;XOM:0.0646;TSLA:0.0165;COST:0.1470,4.028628972459606,1.0000000000000002,0.0010000000000000002,-0.027524314920510995,-0.028496790605590405
0,2022-01-04,2021-01-05,2022-01-03,2022-02-02,21,equal_weight,,,0.0008,25,AAPL:0.0400;MSFT:0.0400;GOOG:0.0400;AMZN:0.0400;NVDA:0.0400;META:0.0400;JPM:0.0400;GS:0.0400;BAC:0.0400;JNJ:0.0400;UNH:0.0400;PFE:0.0400;KO:0.0400;PG:0.0400;NKE:0.0400;WMT:0.0400;XOM:0.0400;CVX:0.0400;CAT:0.0400;HON:0.0400;UPS:0.0400;DIS:0.0400;NFLX:0.0400;TSLA:0.0400;COST:0.0400,,1.0,0.001,-0.036300132080561154,-0.03726383194848071
1,2022-02-03,2021-02-04,2022-02-02,2022-03-04,21,qubo_sample,sample,,0.0019,5,NVDA:0.0843;PFE:0.2858;XOM:0.2581;CVX:0.0664;COST:0.3054,3.5554555265476293,0.8857376435566117,0.0008857376435566117,-0.006525838095685299,-0.0074057955587849555
1,2022-02-03,2021-02-04,2022-02-02,2022-03-04,21,qubo_lw,ledoit_wolf,0.06387906924665084,0.0019,5,NVDA:0.0940;PFE:0.2839;XOM:0.2347;CVX:0.1028;COST:0.2846,3.5824087962126723,1.0886350636571187,0.0010886350636571188,-0.001977038250787877,-0.003063521041283379
1,2022-02-03,2021-02-04,2022-02-02,2022-03-04,21,mv_sample,sample,,0.0019,9,NVDA:0.0728;BAC:0.0627;UNH:0.1177;PFE:0.2031;KO:0.0706;PG:0.1600;XOM:0.1708;UPS:0.0226;COST:0.1196,3.827589551656739,0.7302135560501472,0.0007302135560501472,-0.026729066014606673,-0.027439761644312832
1,2022-02-03,2021-02-04,2022-02-02,2022-03-04,21,mv_lw,ledoit_wolf,0.06387906924665084,0.0019,10,NVDA:0.0753;BAC:0.0667;UNH:0.1170;PFE:0.2014;KO:0.0821;PG:0.1355;XOM:0.1517;CVX:0.0210;UPS:0.0312;COST:0.1181,3.871885540683529,0.7032146670434359,0.000703214667043436,-0.02386156292602637,-0.024547997792041754
1,2022-02-03,2021-02-04,2022-02-02,2022-03-04,21,equal_weight,,,0.0019,25,AAPL:0.0400;MSFT:0.0400;GOOG:0.0400;AMZN:0.0400;NVDA:0.0400;META:0.0400;JPM:0.0400;GS:0.0400;BAC:0.0400;JNJ:0.0400;UNH:0.0400;PFE:0.0400;KO:0.0400;PG:0.0400;NKE:0.0400;WMT:0.0400;XOM:0.0400;CVX:0.0400;CAT:0.0400;HON:0.0400;UPS:0.0400;DIS:0.0400;NFLX:0.0400;TSLA:0.0400;COST:0.0400,,0.07832453116984353,7.832453116984353e-05,-0.059496436660268714,-0.059570101160930866
2,2022-03-07,2021-03-08,2022-03-04,2022-04-04,21,qubo_sample,sample,,0.0034000000000000002,5,NVDA:0.0500;UNH:0.1520;PFE:0.1577;CVX:0.2638;COST:0.3764,3.4706734593104533,0.8064537637053601,0.0008064537637053602,0.06605877276541516,0.06519904565578738
2,2022-03-07,2021-03-08,2022-03-04,2022-04-04,21,qubo_lw,ledoit_wolf,0.07192146785642715,0.0034000000000000002,5,NVDA:0.0505;UNH:0.1662;PFE:0.1628;CVX:0.2605;COST:0.3599,3.4645715490799227,0.7543222193614569,0.0007543222193614569,0.0650877431328507,0.06428432378263604
2,2022-03-07,2021-03-08,2022-03-04,2022-04-04,21,mv_sample,sample,,0.0034000000000000002,8,NVDA:0.0302;UNH:0.1086;PFE:0.1396;KO:0.0608;PG:0.0849;CVX:0.2383;TSLA:0.0218;COST:0.3158,3.5062928309004264,0.9039711338044227,0.0009039711338044228,0.06146937220972437,0.06050983453782899
2,2022-03-07,2021-03-08,2022-03-04,2022-04-04,21,mv_lw,ledoit_wolf,0.07192146785642715,0.0034000000000000002,9,NVDA:0.0410;UNH:0.1159;PFE:0.1421;KO:0.0794;PG:0.0875;XOM:0.0144;CVX:0.2142;TSLA:0.0239;COST:0.2817,3.5169238545427706,0.744482884531417,0.000744482884531417,0.060483851495483076,0.05969433941872304
2,2022-03-07,2021-03-08,2022-03-04,2022-04-04,21,equal_weight,,,0.0034000000000000002,25,AAPL:0.0400;MSFT:0.0400;GOOG:0.0400;AMZN:0.0400;NVDA:0.0400;META:0.0400;JPM:0.0400;GS:0.0400;BAC:0.0400;JNJ:0.0400;UNH:0.0400;PFE:0.0400;KO:0.0400;PG:0.0400;NKE:0.0400;WMT:0.0400;XOM:0.0400;CVX:0.0400;CAT:0.0400;HON:0.0400;UPS:0.0400;DIS:0.0400;NFLX:0.0400;TSLA:0.0400;COST:0.0400,,0.07034397155468254,7.034397155468254e-05,0.06769370560745647,0.06761859979179996
3,2022-04-05,2021-04-07,2022-04-04,2022-05-04,21,qubo_sample,sample,,0.0066,5,NVDA:0.0614;PFE:0.1701;XOM:0.0500;CVX:0.2993;COST:0.4192,3.5758291007726104,0.2925821182063694,0.00029258211820636944,-0.030776141330490336,-0.03105971890007564
3,2022-04-05,2021-04-07,2022-04-04,2022-05-04,21,qubo_lw,ledoit_wolf,0.06290777781724581,0.0066,5,NVDA:0.0759;PFE:0.1785;XOM:0.0500;CVX:0.3031;COST:0.3925,3.559922190822889,0.32014030649751135,0.00032014030649751135,-0.03325552751822669,-0.03356502138995132
3,2022-04-05,2021-04-07,2022-04-04,2022-05-04,21,mv_sample,sample,,0.0066,7,NVDA:0.0318;UNH:0.0598;PFE:0.1549;KO:0.0516;CVX:0.3150;TSLA:0.0435;COST:0.3434,3.6502379263410196,0.26583168169518245,0.00026583168169518246,-0.029240155228792197,-0.029498213950850283
3,2022-04-05,2021-04-07,2022-04-04,2022-05-04,21,mv_lw,ledoit_wolf,0.06290777781724581,0.0066,9,NVDA:0.0414;UNH:0.0722;PFE:0.1562;KO:0.0566;PG:0.0138;XOM:0.0096;CVX:0.2975;TSLA:0.0467;COST:0.3060,3.6426200592671174,0.27049596117073377,0.00027049596117073376,-0.02916943682878237,-0.029432042575101014
3,2022-04-05,2021-04-07,2022-04-04,2022-05-04,21,equal_weight,,,0.0066,25,AAPL:0.0400;MSFT:0.0400;GOOG:0.0400;AMZN:0.0400;NVDA:0.0400;META:0.0400;JPM:0.0400;GS:0.0400;BAC:0.0400;JNJ:0.0400;UNH:0.0400;PFE:0.0400;KO:0.0400;PG:0.0400;NKE:0.0400;WMT:0.0400;XOM:0.0400;CVX:0.0400;CAT:0.0400;HON:0.0400;UPS:0.0400;DIS:0.0400;NFLX:0.0400;TSLA:0.0400;COST:0.0400,,0.05844744173279715,5.8447441732797155e-05,-0.06933667812267186,-0.06939107301295022
4,2022-05-05,2021-05-06,2022-05-04,2022-06-03,21,qubo_sample,sample,,0.0089,5,PFE:0.1059;KO:0.2025;XOM:0.0500;CVX:0.3133;COST:0.3284,2.7117406282247685,0.4049467156900511,0.0004049467156900511,-0.013035137874173652,-0.013434806053592818
4,2022-05-05,2021-05-06,2022-05-04,2022-06-03,21,qubo_lw,ledoit_wolf,0.06905675691332788,0.0089,5,PFE:0.1533;XOM:0.1089;CVX:0.3063;TSLA:0.0635;COST:0.3680,2.6968974680732685,0.23072476940524556,0.00023072476940524557,-0.01946369884151755,-0.01968993285349596
4,2022-05-05,2021-05-06,2022-05-04,2022-06-03,21,mv_sample,sample,,0.0089,7,PFE:0.1018;KO:0.1131;PG:0.1463;XOM:0.0248;CVX:0.3189;TSLA:0.0552;COST:0.2398,2.78734109403828,0.4938167950622595,0.0004938167950622595,-0.026461608370696665,-0.026942357979121034
4,2022-05-05,2021-05-06,2022-05-04,2022-06-03,21,mv_lw,ledoit_wolf,0.06905675691332788,0.0089,7,PFE:0.1098;KO:0.1162;PG:0.1355;XOM:0.0797;CVX:0.2632;TSLA:0.0602;COST:0.2355,2.792380825042057,0.5306043319316033,0.0005306043319316032,-0.024676171387304824,-0.02519368243580311
4,2022-05-05,2021-05-06,2022-05-04,2022-06-03,21,equal_weight,,,0.0089,25,AAPL:0.0400;MSFT:0.0400;GOOG:0.0400;AMZN:0.0400;NVDA:0.0400;META:0.0400;JPM:0.0400;GS:0.0400;BAC:0.0400;JNJ:0.0400;UNH:0.0400;PFE:0.0400;KO:0.0400;PG:0.0400;NKE:0.0400;WMT:0.0400;XOM:0.0400;CVX:0.0400;CAT:0.0400;HON:0.0400;UPS:0.0400;DIS:0.0400;NFLX:0.0400;TSLA:0.0400;COST:0.0400,,0.09399683737868413,9.399683737868413e-05,-0.04823299954249127,-0.04832246263045581
5,2022-06-06,2021-06-07,2022-06-03,2022-07-06,21,qubo_sample,sample,,0.0121,5,PFE:0.2506;KO:0.0633;XOM:0.0760;CVX:0.4951;COST:0.1151,2.4258518696835507,0.6226606435829147,0.0006226606435829147,-0.11202554558706912,-0.11257845233233943
5,2022-06-06,2021-06-07,2022-06-03,2022-07-06,21,qubo_lw,ledoit_wolf,0.05389871745720566,0.0121,5,UNH:0.0500;PFE:0.2532;XOM:0.1532;CVX:0.4172;COST:0.1263,2.4273718733184615,0.4996037278223814,0.0004996037278223814,-0.10549340718132871,-0.10594030600966275
5,2022-06-06,2021-06-07,2022-06-03,2022-07-06,21,mv_sample,sample,,0.0121,6,PFE:0.2558;KO:0.0893;XOM:0.0561;CVX:0.4887;TSLA:0.0528;COST:0.0574,2.456086397161931,0.6413184054215445,0.0006413184054215445,-0.10980517831191272,-0.11037607663547222
5,2022-06-06,2021-06-07,2022-06-03,2022-07-06,21,mv_lw,ledoit_wolf,0.05389871745720566,0.0121,7,PFE:0.2560;KO:0.0774;PG:0.0044;XOM:0.1318;CVX:0.4074;TSLA:0.0525;COST:0.0705,2.4627894545266464,0.6059989005607895,0.0006059989005607895,-0.1047381579098251,-0.10528068560184534
5,2022-06-06,2021-06-07,2022-06-03,2022-07-06,21,equal_weight,,,0.0121,25,AAPL:0.0400;MSFT:0.0400;GOOG:0.0400;AMZN:0.0400;NVDA:0.0400;META:0.0400;JPM:0.0400;GS:0.0400;BAC:0.0400;JNJ:0.0400;UNH:0.0400;PFE:0.0400;KO:0.0400;PG:0.0400;NKE:0.0400;WMT:0.0400;XOM:0.0400;CVX:0.0400;CAT:0.0400;HON:0.0400;UPS:0.0400;DIS:0.0400;NFLX:0.0400;TSLA:0.0400;COST:0.0400,,0.060417452126704733,6.0417452126704735e-05,-0.06718436943853534,-0.06724072778223789
6,2022-07-07,2021-07-07,2022-07-06,2022-08-04,21,qubo_sample,sample,,0.019,5,UNH:0.1087;PFE:0.2486;KO:0.2979;XOM:0.0742;CVX:0.2706,1.7932447767964275,0.6732846006621552,0.0006732846006621552,0.016719429695550847,0.016034888160343375
6,2022-07-07,2021-07-07,2022-07-06,2022-08-04,21,qubo_lw,ledoit_wolf,0.04417275554514638,0.019,5,UNH:0.1294;PFE:0.2537;KO:0.2666;XOM:0.1099;CVX:0.2404,1.7983017606496587,0.6728763734365519,0.000672876373436552,0.016545053060072146,0.015861043911333805
6,2022-07-07,2021-07-07,2022-07-06,2022-08-04,21,mv_sample,sample,,0.019,7,UNH:0.0833;PFE:0.2470;KO:0.2681;XOM:0.0802;CVX:0.2589;TSLA:0.0129;COST:0.0496,1.8016667576469998,0.5540677970853013,0.0005540677970853013,0.024647085150144354,0.02407936119688525
6,2022-07-07,2021-07-07,2022-07-06,2022-08-04,21,mv_lw,ledoit_wolf,0.04417275554514638,0.019,7,UNH:0.0995;PFE:0.2487;KO:0.2303;XOM:0.1147;CVX:0.2281;TSLA:0.0113;COST:0.0674,1.8108961680058142,0.48419138061536465,0.00048419138061536466,0.02568505406416821,0.025188426201764536
6,2022-07-07,2021-07-07,2022-07-06,2022-08-04,21,equal_weight,,,0.019,25,AAPL:0.0400;MSFT:0.0400;GOOG:0.0400;AMZN:0.0400;NVDA:0.0400;META:0.0400;JPM:0.0400;GS:0.0400;BAC:0.0400;JNJ:0.0400;UNH:0.0400;PFE:0.0400;KO:0.0400;PG:0.0400;NKE:0.0400;WMT:0.0400;XOM:0.0400;CVX:0.0400;CAT:0.0400;HON:0.0400;UPS:0.0400;DIS:0.0400;NFLX:0.0400;TSLA:0.0400;COST:0.0400,,0.07583686212157742,7.583686212157743e-05,0.08847984080874616,0.088397293913137
7,2022-08-05,2021-08-05,2022-08-04,2022-09-02,21,qubo_sample,sample,,0.025,5,UNH:0.1955;KO:0.1241;XOM:0.2066;CVX:0.3271;COST:0.1467,1.7926749871176575,0.8058764147510354,0.0008058764147510355,0.021913152459347662,0.021089616751856832
7,2022-08-05,2021-08-05,2022-08-04,2022-09-02,21,qubo_lw,ledoit_wolf,0.039109990910373545,0.025,5,UNH:0.1930;KO:0.1189;XOM:0.2279;CVX:0.3087;COST:0.1515,1.8074109135285272,0.7642345715321177,0.0007642345715321178,0.02328227495662749,0.02250024726566946
7,2022-08-05,2021-08-05,2022-08-04,2022-09-02,21,mv_sample,sample,,0.025,7,UNH:0.1582;PFE:0.0621;KO:0.1430;XOM:0.1910;CVX:0.3075;TSLA:0.0512;COST:0.0870,1.8170608929219307,0.5744720834789949,0.0005744720834789949,0.01076287370658946,0.010182218652628361
7,2022-08-05,2021-08-05,2022-08-04,2022-09-02,21,mv_lw,ledoit_wolf,0.039109990910373545,0.025,7,UNH:0.1576;PFE:0.0654;KO:0.1304;XOM:0.2118;CVX:0.2880;TSLA:0.0532;COST:0.0936,1.8345860575929245,0.5213673885902237,0.0005213673885902237,0.011635692483161764,0.011108258623967249
7,2022-08-05,2021-08-05,2022-08-04,2022-09-02,21,equal_weight,,,0.025,25,AAPL:0.0400;MSFT:0.0400;GOOG:0.0400;AMZN:0.0400;NVDA:0.0400;META:0.0400;JPM:0.0400;GS:0.0400;BAC:0.0400;JNJ:0.0400;UNH:0.0400;PFE:0.0400;KO:0.0400;PG:0.0400;NKE:0.0400;WMT:0.0400;XOM:0.0400;CVX:0.0400;CAT:0.0400;HON:0.0400;UPS:0.0400;DIS:0.0400;NFLX:0.0400;TSLA:0.0400;COST:0.0400,,0.06926277286807211,6.926277286807211e-05,-0.03813384417524557,-0.03820046569232649
8,2022-09-06,2021-09-03,2022-09-02,2022-10-04,21,qubo_sample,sample,,0.0294,5,UNH:0.1785;KO:0.0500;XOM:0.4620;CVX:0.2595;COST:0.0500,1.932428555270259,0.4764998502041105,0.00047649985020411053,-0.005394059750436164,-0.005867989331977297
8,2022-09-06,2021-09-03,2022-09-02,2022-10-04,21,qubo_lw,ledoit_wolf,0.03569572920743726,0.0294,5,UNH:0.1745;KO:0.0500;XOM:0.4441;CVX:0.2815;COST:0.0500,1.947378871813358,0.39495163833664887,0.0003949516383366489,-0.005430602753521585,-0.005823409566403703
8,2022-09-06,2021-09-03,2022-09-02,2022-10-04,21,mv_sample,sample,,0.0294,5,UNH:0.2141;XOM:0.4754;CVX:0.2680;TSLA:0.0131;COST:0.0294,1.9352216602942993,0.6577652661650075,0.0006577652661650075,-0.001331311676124547,-0.0019882012517100645
8,2022-09-06,2021-09-03,2022-09-02,2022-10-04,21,mv_lw,ledoit_wolf,0.03569572920743726,0.0294,6,UNH:0.2013;KO:0.0062;XOM:0.4556;CVX:0.2895;TSLA:0.0153;COST:0.0322,1.9498753778434093,0.5489806099876535,0.0005489806099876535,-0.0022444745624703444,-0.0027922229994439274
8,2022-09-06,2021-09-03,2022-09-02,2022-10-04,21,equal_weight,,,0.0294,25,AAPL:0.0400;MSFT:0.0400;GOOG:0.0400;AMZN:0.0400;NVDA:0.0400;META:0.0400;JPM:0.0400;GS:0.0400;BAC:0.0400;JNJ:0.0400;UNH:0.0400;PFE:0.0400;KO:0.0400;PG:0.0400;NKE:0.0400;WMT:0.0400;XOM:0.0400;CVX:0.0400;CAT:0.0400;HON:0.0400;UPS:0.0400;DIS:0.0400;NFLX:0.0400;TSLA:0.0400;COST:0.0400,,0.05519467004670456,5.5194670046704556e-05,-0.04278141457091711,-0.042834247934902425
9,2022-10-05,2021-10-05,2022-10-04,2022-11-02,21,qubo_sample,sample,,0.0345,5,JNJ:0.0500;UNH:0.4271;KO:0.0500;XOM:0.2399;CVX:0.2330,1.7423829643686926,0.5953712029739512,0.0005953712029739512,0.08673500504650256,0.08608799431923497
9,2022-10-05,2021-10-05,2022-10-04,2022-11-02,21,qubo_lw,ledoit_wolf,0.03236976115412959,0.0345,5,JNJ:0.0500;UNH:0.4138;KO:0.0500;XOM:0.2473;CVX:0.2390,1.748026854794271,0.576850844417516,0.000576850844417516,0.08812067731175688,0.08749299398022115
9,2022-10-05,2021-10-05,2022-10-04,2022-11-02,21,mv_sample,sample,,0.0345,3,UNH:0.5000;XOM:0.2517;CVX:0.2483,1.7734544391150053,0.5641168040959631,0.0005641168040959631,0.0901228529070639,0.08950789628720979
9,2022-10-05,2021-10-05,2022-10-04,2022-11-02,21,mv_lw,ledoit_wolf,0.03236976115412959,0.0345,3,UNH:0.4850;XOM:0.2606;CVX:0.2543,1.7761581425476103,0.55997469868209,0.00055997469868209,0.09168504164918168,0.09107372564692806
9,2022-10-05,2021-10-05,2022-10-04,2022-11-02,21,equal_weight,,,0.0345,25,AAPL:0.0400;MSFT:0.0400;GOOG:0.0400;AMZN:0.0400;NVDA:0.0400;META:0.0400;JPM:0.0400;GS:0.0400;BAC:0.0400;JNJ:0.0400;UNH:0.0400;PFE:0.0400;KO:0.0400;PG:0.0400;NKE:0.0400;WMT:0.0400;XOM:0.0400;CVX:0.0400;CAT:0.0400;HON:0.0400;UPS:0.0400;DIS:0.0400;NFLX:0.0400;TSLA:0.0400;COST:0.0400,,0.04015385823569381,4.0153858235693816e-05,0.013523045227620267,0.01348234836694373
10,2022-11-03,2021-11-03,2022-11-02,2022-12-02,21,qubo_sample,sample,,0.042199999999999994,5,JNJ:0.0500;UNH:0.1871;KO:0.0500;XOM:0.5000;CVX:0.2129,1.707626004159514,0.5020266731436902,0.0005020266731436902,0.015843522144425526,0.015333541600568434
10,2022-11-03,2021-11-03,2022-11-02,2022-12-02,21,qubo_lw,ledoit_wolf,0.03045889577617312,0.042199999999999994,5,JNJ:0.0500;UNH:0.1763;KO:0.0500;XOM:0.5000;CVX:0.2237,1.7175819289593242,0.4873634252035086,0.0004873634252035086,0.016194028061789822,0.015698772259602478
10,2022-11-03,2021-11-03,2022-11-02,2022-12-02,21,mv_sample,sample,,0.042199999999999994,3,UNH:0.2558;XOM:0.5000;CVX:0.2442,1.721813893069907,0.4687305079095719,0.00046873050790957187,0.007907570273869347,0.007435133246529446
10,2022-11-03,2021-11-03,2022-11-02,2022-12-02,21,mv_lw,ledoit_wolf,0.03045889577617312,0.042199999999999994,3,UNH:0.2425;XOM:0.5000;CVX:0.2575,1.731460789766379,0.45070319415106463,0.00045070319415106463,0.008339314504995476,0.0078848527551596
10,2022-11-03,2021-11-03,2022-11-02,2022-12-02,21,equal_weight,,,0.042199999999999994,25,AAPL:0.0400;MSFT:0.0400;GOOG:0.0400;AMZN:0.0400;NVDA:0.0400;META:0.0400;JPM:0.0400;GS:0.0400;BAC:0.0400;JNJ:0.0400;UNH:0.0400;PFE:0.0400;KO:0.0400;PG:0.0400;NKE:0.0400;WMT:0.0400;XOM:0.0400;CVX:0.0400;CAT:0.0400;HON:0.0400;UPS:0.0400;DIS:0.0400;NFLX:0.0400;TSLA:0.0400;COST:0.0400,,0.09166995463659189,9.16699546365919e-05,0.09390154303515885,0.0938012651303326
11,2022-12-05,2021-12-03,2022-12-02,2023-01-04,21,qubo_sample,sample,,0.0434,5,JNJ:0.1296;UNH:0.0500;KO:0.2809;XOM:0.4895;CVX:0.0500,1.9761598171785901,0.6084932608828895,0.0006084932608828895,-0.024289536870192974,-0.024883250111580657
11,2022-12-05,2021-12-03,2022-12-02,2023-01-04,21,qubo_lw,ledoit_wolf,0.02910089510143707,0.0434,5,JNJ:0.1376;UNH:0.0500;KO:0.2679;XOM:0.4945;CVX:0.0500,1.975516303685163,0.5986817287370338,0.0005986817287370338,-0.02408308606463383,-0.024667349689772244
11,2022-12-05,2021-12-03,2022-12-02,2023-01-04,21,mv_sample,sample,,0.0434,3,JNJ:0.1895;KO:0.3105;XOM:0.5000,1.9911379522280792,1.000000000000073,0.001000000000000073,-0.01941127029254497,-0.02039185902225238
11,2022-12-05,2021-12-03,2022-12-02,2023-01-04,21,mv_lw,ledoit_wolf,0.02910089510143707,0.0434,4,JNJ:0.1894;KO:0.3002;XOM:0.5000;CVX:0.0104,1.9832662317004017,0.9791800328337594,0.0009791800328337594,-0.019695421736883656,-0.020655316406014368
11,2022-12-05,2021-12-03,2022-12-02,2023-01-04,21,equal_weight,,,0.0434,25,AAPL:0.0400;MSFT:0.0400;GOOG:0.0400;AMZN:0.0400;NVDA:0.0400;META:0.0400;JPM:0.0400;GS:0.0400;BAC:0.0400;JNJ:0.0400;UNH:0.0400;PFE:0.0400;KO:0.0400;PG:0.0400;NKE:0.0400;WMT:0.0400;XOM:0.0400;CVX:0.0400;CAT:0.0400;HON:0.0400;UPS:0.0400;DIS:0.0400;NFLX:0.0400;TSLA:0.0400;COST:0.0400,,0.06906708939555338,6.906708939555339e-05,-0.06034219266377683,-0.06040709209355777
12,2023-01-05,2022-01-04,2023-01-04,2023-02-03,21,qubo_sample,sample,,0.0455,5,JNJ:0.2757;KO:0.0500;WMT:0.0500;XOM:0.5000;CVX:0.1243,1.5480692835708734,0.5593678140013241,0.0005593678140013241,-0.004992032507226241,-0.005548607938917205
12,2023-01-05,2022-01-04,2023-01-04,2023-02-03,21,qubo_lw,ledoit_wolf,0.02837763847487668,0.0455,5,JNJ:0.2384;KO:0.0608;WMT:0.0500;XOM:0.5000;CVX:0.1508,1.5512987682217239,0.5116756446477433,0.0005116756446477433,-0.002721563320859821,-0.0032318464078409104
12,2023-01-05,2022-01-04,2023-01-04,2023-02-03,21,mv_sample,sample,,0.0455,4,JNJ:0.3014;KO:0.0707;XOM:0.5000;CVX:0.1279,1.5634219363229067,0.4778635896886181,0.0004778635896886181,-0.007566374122716324,-0.008040622017705723
12,2023-01-05,2022-01-04,2023-01-04,2023-02-03,21,mv_lw,ledoit_wolf,0.02837763847487668,0.0455,4,JNJ:0.2585;KO:0.0869;XOM:0.5000;CVX:0.1546,1.5658722251615471,0.42506593378422614,0.00042506593378422613,-0.005081804676530188,-0.005504710508264399
12,2023-01-05,2022-01-04,2023-01-04,2023-02-03,21,equal_weight,,,0.0455,25,AAPL:0.0400;MSFT:0.0400;GOOG:0.0400;AMZN:0.0400;NVDA:0.0400;META:0.0400;JPM:0.0400;GS:0.0400;BAC:0.0400;JNJ:0.0400;UNH:0.0400;PFE:0.0400;KO:0.0400;PG:0.0400;NKE:0.0400;WMT:0.0400;XOM:0.0400;CVX:0.0400;CAT:0.0400;HON:0.0400;UPS:0.0400;DIS:0.0400;NFLX:0.0400;TSLA:0.0400;COST:0.0400,,0.06000779057992255,6.0007790579922555e-05,0.11143627294265879,0.111369578107549
13,2023-02-06,2022-02-03,2023-02-03,2023-03-07,21,qubo_sample,sample,,0.047,5,JNJ:0.0500;KO:0.0500;WMT:0.0500;XOM:0.5000;CAT:0.3500,0.9934541730988968,0.7053653648020143,0.0007053653648020143,-0.003412925693130453,-0.0041158836983562486
13,2023-02-06,2022-02-03,2023-02-03,2023-03-07,21,qubo_lw,ledoit_wolf,0.028002352642330135,0.047,5,JNJ:0.0500;KO:0.0500;WMT:0.0500;XOM:0.5000;CVX:0.3500,0.9795039931186011,0.4034092500661841,0.0004034092500661841,-0.00932437996491653,-0.009724027673853608
13,2023-02-06,2022-02-03,2023-02-03,2023-03-07,21,mv_sample,sample,,0.047,3,XOM:0.5000;CVX:0.1991;CAT:0.3009,1.0194978984674015,0.7462116362638643,0.0007462116362638644,-0.00417993837524655,-0.004923030892855507
13,2023-02-06,2022-02-03,2023-02-03,2023-03-07,21,mv_lw,ledoit_wolf,0.028002352642330135,0.047,3,XOM:0.5000;CVX:0.2069;CAT:0.2931,1.0266587380644216,0.6940332366432183,0.0006940332366432183,-0.00431197384795079,-0.005003014431428032
13,2023-02-06,2022-02-03,2023-02-03,2023-03-07,21,equal_weight,,,0.047,25,AAPL:0.0400;MSFT:0.0400;GOOG:0.0400;AMZN:0.0400;NVDA:0.0400;META:0.0400;JPM:0.0400;GS:0.0400;BAC:0.0400;JNJ:0.0400;UNH:0.0400;PFE:0.0400;KO:0.0400;PG:0.0400;NKE:0.0400;WMT:0.0400;XOM:0.0400;CVX:0.0400;CAT:0.0400;HON:0.0400;UPS:0.0400;DIS:0.0400;NFLX:0.0400;TSLA:0.0400;COST:0.0400,,0.12373552822092235,0.00012373552822092236,-0.03885310430957856,-0.03897203232841451
14,2023-03-08,2022-03-07,2023-03-07,2023-04-05,21,qubo_sample,sample,,0.0504,5,JNJ:0.0500;KO:0.0500;WMT:0.0500;XOM:0.5000;CAT:0.3500,0.9252559461274482,0.00898946625509471,8.98946625509471e-06,-0.011842262474000886,-0.011851145484636949
14,2023-03-08,2022-03-07,2023-03-07,2023-04-05,21,qubo_lw,ledoit_wolf,0.02834990033560187,0.0504,5,JNJ:0.0500;KO:0.0500;WMT:0.0500;XOM:0.5000;CAT:0.3500,0.929557234430341,0.7056412412814831,0.0007056412412814831,-0.011842262474000886,-0.012539547326490541
14,2023-03-08,2022-03-07,2023-03-07,2023-04-05,21,mv_sample,sample,,0.0504,3,META:0.0037;XOM:0.5000;CAT:0.4963,0.9763820481661778,0.39960276793355554,0.00039960276793355555,-0.041123314587742765,-0.04150648436534066
14,2023-03-08,2022-03-07,2023-03-07,2023-04-05,21,mv_lw,ledoit_wolf,0.02834990033560187,0.0504,3,META:0.0055;XOM:0.5000;CAT:0.4945,0.9805999975781208,0.4151230617492287,0.0004151230617492287,-0.040612109184675504,-0.0410103732233158
14,2023-03-08,2022-03-07,2023-03-07,2023-04-05,21,equal_weight,,,0.0504,25,AAPL:0.0400;MSFT:0.0400;GOOG:0.0400;AMZN:0.0400;NVDA:0.0400;META:0.0400;JPM:0.0400;GS:0.0400;BAC:0.0400;JNJ:0.0400;UNH:0.0400;PFE:0.0400;KO:0.0400;PG:0.0400;NKE:0.0400;WMT:0.0400;XOM:0.0400;CVX:0.0400;CAT:0.0400;HON:0.0400;UPS:0.0400;DIS:0.0400;NFLX:0.0400;TSLA:0.0400;COST:0.0400,,0.03989607116121733,3.989607116121733e-05,0.03604722046539588,0.03600588625176204
15,2023-04-06,2022-04-05,2023-04-05,2023-05-05,21,qubo_sample,sample,,0.048600000000000004,5,JNJ:0.0500;KO:0.2955;PG:0.1045;WMT:0.0500;XOM:0.5000,0.9017811018895033,0.6932843117948211,0.0006932843117948211,-0.025796287300890453,-0.026471687451397274
15,2023-04-06,2022-04-05,2023-04-05,2023-05-05,21,qubo_lw,ledoit_wolf,0.029760493125225492,0.048600000000000004,5,JNJ:0.0500;KO:0.2724;PG:0.1276;WMT:0.0500;XOM:0.5000,0.9011409619105644,0.6932843117948209,0.0006932843117948209,-0.02536651145913571,-0.026042209566490837
15,2023-04-06,2022-04-05,2023-04-05,2023-05-05,21,mv_sample,sample,,0.048600000000000004,5,META:0.0170;KO:0.3323;PG:0.1198;WMT:0.0309;XOM:0.5000,0.9088310193590284,0.9912702611279546,0.0009912702611279546,-0.022246101748594538,-0.023215320110633875
15,2023-04-06,2022-04-05,2023-04-05,2023-05-05,21,mv_lw,ledoit_wolf,0.029760493125225492,0.048600000000000004,5,META:0.0199;KO:0.2966;PG:0.1380;WMT:0.0455;XOM:0.5000,0.907844181006038,0.9868915105812585,0.0009868915105812584,-0.021694922417763274,-0.022660403393588324
15,2023-04-06,2022-04-05,2023-04-05,2023-05-05,21,equal_weight,,,0.048600000000000004,25,AAPL:0.0400;MSFT:0.0400;GOOG:0.0400;AMZN:0.0400;NVDA:0.0400;META:0.0400;JPM:0.0400;GS:0.0400;BAC:0.0400;JNJ:0.0400;UNH:0.0400;PFE:0.0400;KO:0.0400;PG:0.0400;NKE:0.0400;WMT:0.0400;XOM:0.0400;CVX:0.0400;CAT:0.0400;HON:0.0400;UPS:0.0400;DIS:0.0400;NFLX:0.0400;TSLA:0.0400;COST:0.0400,,0.05950224727169261,5.950224727169261e-05,0.008069614187429242,0.008009631779978266
16,2023-05-08,2022-05-05,2023-05-05,2023-06-06,21,qubo_sample,sample,,0.0526,5,KO:0.0500;PG:0.0500;WMT:0.0500;XOM:0.3500;NFLX:0.5000,1.0575141374512806,0.9999999999999999,0.0009999999999999998,0.10612306901200386,0.10501694594299216
16,2023-05-08,2022-05-05,2023-05-05,2023-06-06,21,qubo_lw,ledoit_wolf,0.02734486902903944,0.0526,5,KO:0.0500;PG:0.0500;WMT:0.0500;XOM:0.3500;NFLX:0.5000,1.067083818048948,1.0000000000000004,0.0010000000000000005,0.10612306901200363,0.10501694594299193
16,2023-05-08,2022-05-05,2023-05-05,2023-06-06,21,mv_sample,sample,,0.0526,3,NVDA:0.1210;XOM:0.3790;NFLX:0.5000,1.1131243634074401,1.2420480248049457,0.0012420480248049458,0.15503354770923505,0.15359894057272006
16,2023-05-08,2022-05-05,2023-05-05,2023-06-06,21,mv_lw,ledoit_wolf,0.02734486902903944,0.0526,3,NVDA:0.1278;XOM:0.3722;NFLX:0.5000,1.124471709071441,1.2555224792887067,0.0012555224792887068,0.15747627964203215,0.15602304215369855
16,2023-05-08,2022-05-05,2023-05-05,2023-06-06,21,equal_weight,,,0.0526,25,AAPL:0.0400;MSFT:0.0400;GOOG:0.0400;AMZN:0.0400;NVDA:0.0400;META:0.0400;JPM:0.0400;GS:0.0400;BAC:0.0400;JNJ:0.0400;UNH:0.0400;PFE:0.0400;KO:0.0400;PG:0.0400;NKE:0.0400;WMT:0.0400;XOM:0.0400;CVX:0.0400;CAT:0.0400;HON:0.0400;UPS:0.0400;DIS:0.0400;NFLX:0.0400;TSLA:0.0400;COST:0.0400,,0.04249552122632536,4.2495521226325365e-05,0.050130901338526934,0.050086275478518294
17,2023-06-07,2022-06-06,2023-06-06,2023-07-07,21,qubo_sample,sample,,0.054400000000000004,5,NVDA:0.2920;UNH:0.0500;PG:0.0500;WMT:0.1758;NFLX:0.4322,1.6990414409430936,0.9626453168069757,0.0009626453168069758,0.07449331005314619,0.07345895410028347
17,2023-06-07,2022-06-06,2023-06-06,2023-07-07,21,qubo_lw,ledoit_wolf,0.033123128886100056,0.054400000000000004,5,NVDA:0.2975;UNH:0.0500;PG:0.0500;WMT:0.1678;NFLX:0.4347,1.722518011592125,0.957686720800023,0.0009576867208000231,0.07508487857181456,0.07405528405987294
17,2023-06-07,2022-06-06,2023-06-06,2023-07-07,21,mv_sample,sample,,0.054400000000000004,3,NVDA:0.2944;WMT:0.2650;NFLX:0.4406,1.7344578254938734,0.8363345533056332,0.0008363345533056333,0.0787379455249626,0.07783575970715795
17,2023-06-07,2022-06-06,2023-06-06,2023-07-07,21,mv_lw,ledoit_wolf,0.033123128886100056,0.054400000000000004,3,NVDA:0.3024;WMT:0.2509;NFLX:0.4467,1.7576146146407636,0.8091075996571768,0.0008091075996571769,0.0797776119895961,0.07890395571779596
17,2023-06-07,2022-06-06,2023-06-06,2023-07-07,21,equal_weight,,,0.054400000000000004,25,AAPL:0.0400;MSFT:0.0400;GOOG:0.0400;AMZN:0.0400;NVDA:0.0400;META:0.0400;JPM:0.0400;GS:0.0400;BAC:0.0400;JNJ:0.0400;UNH:0.0400;PFE:0.0400;KO:0.0400;PG:0.0400;NKE:0.0400;WMT:0.0400;XOM:0.0400;CVX:0.0400;CAT:0.0400;HON:0.0400;UPS:0.0400;DIS:0.0400;NFLX:0.0400;TSLA:0.0400;COST:0.0400,,0.09110803555208744,9.110803555208743e-05,0.023239828396809603,0.023146603026145796
18,2023-07-10,2022-07-07,2023-07-07,2023-08-07,21,qubo_sample,sample,,0.0546,5,NVDA:0.3448;WMT:0.0962;XOM:0.0500;CAT:0.1040;NFLX:0.4049,2.3102028513286545,0.40008886745775873,0.0004000888674577587,0.048515314597666226,0.04809581529293605
18,2023-07-10,2022-07-07,2023-07-07,2023-08-07,21,qubo_lw,ledoit_wolf,0.03801809480229683,0.0546,5,NVDA:0.3471;WMT:0.0934;XOM:0.0500;CAT:0.1063;NFLX:0.4032,2.347714717527576,0.3980796522720013,0.0003980796522720013,0.048873503568829246,0.0484559683692507
18,2023-07-10,2022-07-07,2023-07-07,2023-08-07,21,mv_sample,sample,,0.0546,5,NVDA:0.3454;WMT:0.0987;XOM:0.0408;CAT:0.1092;NFLX:0.4059,2.3102459862521214,0.39062031636091477,0.0003906203163609148,0.049110616571648835,0.04870081265070625
18,2023-07-10,2022-07-07,2023-07-07,2023-08-07,21,mv_lw,ledoit_wolf,0.03801809480229683,0.0546,5,NVDA:0.3476;WMT:0.0950;XOM:0.0438;CAT:0.1096;NFLX:0.4040,2.347736434960419,0.3859981442388791,0.0003859981442388791,0.04925882533750703,0.048853813378100464
18,2023-07-10,2022-07-07,2023-07-07,2023-08-07,21,equal_weight,,,0.0546,25,AAPL:0.0400;MSFT:0.0400;GOOG:0.0400;AMZN:0.0400;NVDA:0.0400;META:0.0400;JPM:0.0400;GS:0.0400;BAC:0.0400;JNJ:0.0400;UNH:0.0400;PFE:0.0400;KO:0.0400;PG:0.0400;NKE:0.0400;WMT:0.0400;XOM:0.0400;CVX:0.0400;CAT:0.0400;HON:0.0400;UPS:0.0400;DIS:0.0400;NFLX:0.0400;TSLA:0.0400;COST:0.0400,,0.04735850377565001,4.735850377565002e-05,0.0455957326500076,0.04554621480055476
19,2023-08-08,2022-08-05,2023-08-07,2023-09-06,21,qubo_sample,sample,,0.0556,5,NVDA:0.1857;JPM:0.0862;WMT:0.3595;CAT:0.2159;NFLX:0.1527,2.1237192727787395,0.9022437612706968,0.0009022437612706968,0.006417273035951965,0.0055092393301201525
19,2023-08-08,2022-08-05,2023-08-07,2023-09-06,21,qubo_lw,ledoit_wolf,0.043003005394239464,0.0556,5,NVDA:0.1945;JPM:0.0986;WMT:0.3256;CAT:0.2189;NFLX:0.1623,2.152729774634958,0.8661159467734452,0.0008661159467734452,0.005599493243074294,0.004728527485909018
19,2023-08-08,2022-08-05,2023-08-07,2023-09-06,21,mv_sample,sample,,0.0556,6,NVDA:0.1479;META:0.1154;JPM:0.0447;WMT:0.3392;CAT:0.2480;NFLX:0.1048,2.183166363759072,1.05761255287108,0.00105761255287108,0.0012385001909380744,0.00017957778471822117
19,2023-08-08,2022-08-05,2023-08-07,2023-09-06,21,mv_lw,ledoit_wolf,0.043003005394239464,0.0556,6,NVDA:0.1552;META:0.1187;JPM:0.0602;WMT:0.3058;CAT:0.2468;NFLX:0.1134,2.2141143727083117,1.032275013569386,0.0010322750135693859,-7.40075853268296e-05,-0.0011062062027152875
19,2023-08-08,2022-08-05,2023-08-07,2023-09-06,21,equal_weight,,,0.0556,25,AAPL:0.0400;MSFT:0.0400;GOOG:0.0400;AMZN:0.0400;NVDA:0.0400;META:0.0400;JPM:0.0400;GS:0.0400;BAC:0.0400;JNJ:0.0400;UNH:0.0400;PFE:0.0400;KO:0.0400;PG:0.0400;NKE:0.0400;WMT:0.0400;XOM:0.0400;CVX:0.0400;CAT:0.0400;HON:0.0400;UPS:0.0400;DIS:0.0400;NFLX:0.0400;TSLA:0.0400;COST:0.0400,,0.047544559848354775,4.754455984835478e-05,-0.02675253719700965,-0.02679880981925209
20,2023-09-07,2022-09-06,2023-09-06,2023-10-05,21,qubo_sample,sample,,0.0555,5,NVDA:0.3666;META:0.0753;WMT:0.1762;CAT:0.2917;NFLX:0.0901,2.6094406607111447,0.6539161910084252,0.0006539161910084253,-0.05726031924037134,-0.05787679198152629
20,2023-09-07,2022-09-06,2023-09-06,2023-10-05,21,qubo_lw,ledoit_wolf,0.0459876683773476,0.0555,5,NVDA:0.3750;META:0.0785;WMT:0.1589;CAT:0.2895;NFLX:0.0980,2.656691782303293,0.6478982719060075,0.0006478982719060075,-0.058492596075781056,-0.05910259709577026
20,2023-09-07,2022-09-06,2023-09-06,2023-10-05,21,mv_sample,sample,,0.0555,5,NVDA:0.3666;META:0.0753;WMT:0.1762;CAT:0.2917;NFLX:0.0901,2.609440660711129,0.512801922324679,0.000512801922324679,-0.057260331248423446,-0.057743769962811387
20,2023-09-07,2022-09-06,2023-09-06,2023-10-05,21,mv_lw,ledoit_wolf,0.0459876683773476,0.0555,5,NVDA:0.3750;META:0.0785;WMT:0.1589;CAT:0.2895;NFLX:0.0980,2.6566917823032905,0.5116523421460396,0.0005116523421460396,-0.05849259661505957,-0.05897432108314915
20,2023-09-07,2022-09-06,2023-09-06,2023-10-05,21,equal_weight,,,0.0555,25,AAPL:0.0400;MSFT:0.0400;GOOG:0.0400;AMZN:0.0400;NVDA:0.0400;META:0.0400;JPM:0.0400;GS:0.0400;BAC:0.0400;JNJ:0.0400;UNH:0.0400;PFE:0.0400;KO:0.0400;PG:0.0400;NKE:0.0400;WMT:0.0400;XOM:0.0400;CVX:0.0400;CAT:0.0400;HON:0.0400;UPS:0.0400;DIS:0.0400;NFLX:0.0400;TSLA:0.0400;COST:0.0400,,0.043870473980430535,4.387047398043054e-05,-0.031103612113700163,-0.03114611805747436
21,2023-10-06,2022-10-05,2023-10-05,2023-11-03,21,qubo_sample,sample,,0.056100000000000004,5,NVDA:0.3320;META:0.1758;JPM:0.0500;WMT:0.1800;CAT:0.2622,2.6613300375731095,0.2886705713925094,0.0002886705713925094,-0.004546176801908941,-0.0048335350258463805
21,2023-10-06,2022-10-05,2023-10-05,2023-11-03,21,qubo_lw,ledoit_wolf,0.05225965363180891,0.056100000000000004,5,NVDA:0.3439;META:0.1821;JPM:0.0500;WMT:0.1620;CAT:0.2619,2.7149825118702267,0.29438371833637195,0.00029438371833637194,-0.0048691197345887005,-0.005162070063352342
21,2023-10-06,2022-10-05,2023-10-05,2023-11-03,21,mv_sample,sample,,0.056100000000000004,4,NVDA:0.3359;META:0.1802;WMT:0.2009;CAT:0.2830,2.6719155881272076,0.23095818154078246,0.00023095818154078245,-0.005181720559692349,-0.005411481980475141
21,2023-10-06,2022-10-05,2023-10-05,2023-11-03,21,mv_lw,ledoit_wolf,0.05225965363180891,0.056100000000000004,4,NVDA:0.3498;META:0.1874;WMT:0.1798;CAT:0.2830,2.7241668596690656,0.23192828031743876,0.00023192828031743876,-0.0055870614112383254,-0.005817693894010656
21,2023-10-06,2022-10-05,2023-10-05,2023-11-03,21,equal_weight,,,0.056100000000000004,25,AAPL:0.0400;MSFT:0.0400;GOOG:0.0400;AMZN:0.0400;NVDA:0.0400;META:0.0400;JPM:0.0400;GS:0.0400;BAC:0.0400;JNJ:0.0400;UNH:0.0400;PFE:0.0400;KO:0.0400;PG:0.0400;NKE:0.0400;WMT:0.0400;XOM:0.0400;CVX:0.0400;CAT:0.0400;HON:0.0400;UPS:0.0400;DIS:0.0400;NFLX:0.0400;TSLA:0.0400;COST:0.0400,,0.03806277717444906,3.806277717444906e-05,0.016610965918795628,0.01657227088212676
22,2023-11-06,2022-11-03,2023-11-03,2023-12-05,21,qubo_sample,sample,,0.0553,5,MSFT:0.0500;NVDA:0.2457;META:0.4954;PG:0.0500;WMT:0.1589,3.177958536435632,0.8263345767309676,0.0008263345767309675,0.0075359557269358834,0.006703393929418544
22,2023-11-06,2022-11-03,2023-11-03,2023-12-05,21,qubo_lw,ledoit_wolf,0.054959504985256286,0.0553,5,MSFT:0.0500;NVDA:0.2564;META:0.5000;PG:0.0500;WMT:0.1436,3.246879762912784,0.8221450967557368,0.0008221450967557368,0.008793804606919808,0.007964429726825095
22,2023-11-06,2022-11-03,2023-11-03,2023-12-05,21,mv_sample,sample,,0.0553,4,NVDA:0.2534;META:0.5000;PG:0.0248;WMT:0.2218,3.205979142240302,0.7013578585740168,0.0007013578585740168,0.002098064054526061,0.0013952347022392342
22,2023-11-06,2022-11-03,2023-11-03,2023-12-05,21,mv_lw,ledoit_wolf,0.054959504985256286,0.0553,4,NVDA:0.2636;META:0.5000;PG:0.0469;WMT:0.1896,3.272842717114961,0.7095004047243566,0.0007095004047243566,0.003714194365474377,0.0030020587383436936
22,2023-11-06,2022-11-03,2023-11-03,2023-12-05,21,equal_weight,,,0.0553,25,AAPL:0.0400;MSFT:0.0400;GOOG:0.0400;AMZN:0.0400;NVDA:0.0400;META:0.0400;JPM:0.0400;GS:0.0400;BAC:0.0400;JNJ:0.0400;UNH:0.0400;PFE:0.0400;KO:0.0400;PG:0.0400;NKE:0.0400;WMT:0.0400;XOM:0.0400;CVX:0.0400;CAT:0.0400;HON:0.0400;UPS:0.0400;DIS:0.0400;NFLX:0.0400;TSLA:0.0400;COST:0.0400,,0.05858958672042824,5.858958672042824e-05,0.040261155645138214,0.040200207173947566
23,2023-12-06,2022-12-05,2023-12-05,2024-01-05,21,qubo_sample,sample,,0.0545,5,MSFT:0.0500;NVDA:0.3500;META:0.5000;JPM:0.0500;COST:0.0500,2.6715735669231813,0.4004048682847351,0.0004004048682847351,0.08153850181226052,0.0811054485308973
23,2023-12-06,2022-12-05,2023-12-05,2024-01-05,21,qubo_lw,ledoit_wolf,0.05664041019126368,0.0545,5,MSFT:0.0500;NVDA:0.3500;META:0.5000;JPM:0.0500;COST:0.0500,2.7334511191474737,0.3739615872075695,0.00037396158720756954,0.08153850181226052,0.08113404795749646
23,2023-12-06,2022-12-05,2023-12-05,2024-01-05,21,mv_sample,sample,,0.0545,3,NVDA:0.3177;META:0.4972;UNH:0.1851,2.7119921174408352,0.48229150310859703,0.000482291503108597,0.06551821667425406,0.06500432629194486
23,2023-12-06,2022-12-05,2023-12-05,2024-01-05,21,mv_lw,ledoit_wolf,0.05664041019126368,0.0545,3,NVDA:0.3286;META:0.5000;UNH:0.1714,2.7701170799779744,0.4565852950813031,0.0004565852950813031,0.0667274639417661,0.06624041186787055
23,2023-12-06,2022-12-05,2023-12-05,2024-01-05,21,equal_weight,,,0.0545,25,AAPL:0.0400;MSFT:0.0400;GOOG:0.0400;AMZN:0.0400;NVDA:0.0400;META:0.0400;JPM:0.0400;GS:0.0400;BAC:0.0400;JNJ:0.0400;UNH:0.0400;PFE:0.0400;KO:0.0400;PG:0.0400;NKE:0.0400;WMT:0.0400;XOM:0.0400;CVX:0.0400;CAT:0.0400;HON:0.0400;UPS:0.0400;DIS:0.0400;NFLX:0.0400;TSLA:0.0400;COST:0.0400,,0.03653875727047347,3.653875727047347e-05,0.03222778712334318,0.03219007080278091
24,2024-01-08,2023-01-05,2024-01-05,2024-02-06,21,qubo_sample,sample,,0.0547,5,MSFT:0.0500;NVDA:0.2416;META:0.2845;JPM:0.0905;COST:0.3335,3.2304000255139163,0.6526453361698266,0.0006526453361698266,0.2121738901669752,0.21138277053093146
24,2024-01-08,2023-01-05,2024-01-05,2024-02-06,21,qubo_lw,ledoit_wolf,0.06640060271867398,0.0547,5,MSFT:0.0500;NVDA:0.2538;META:0.2954;JPM:0.0928;COST:0.3080,3.3090218452767797,0.6062951619508934,0.0006062951619508934,0.2180036345655172,0.2172651648546422
24,2024-01-08,2023-01-05,2024-01-05,2024-02-06,21,mv_sample,sample,,0.0547,5,NVDA:0.2338;META:0.2801;JPM:0.0599;UNH:0.1320;COST:0.2942,3.2722134349836978,0.708195474106107,0.0007081954741061069,0.19233592363814234,0.19149151673340792
24,2024-01-08,2023-01-05,2024-01-05,2024-02-06,21,mv_lw,ledoit_wolf,0.06640060271867398,0.0547,5,NVDA:0.2451;META:0.2894;JPM:0.0658;UNH:0.1256;COST:0.2741,3.3480699894067243,0.6797152007418149,0.0006797152007418149,0.19815293112371402,0.19733852836361598
24,2024-01-08,2023-01-05,2024-01-05,2024-02-06,21,equal_weight,,,0.0547,25,AAPL:0.0400;MSFT:0.0400;GOOG:0.0400;AMZN:0.0400;NVDA:0.0400;META:0.0400;JPM:0.0400;GS:0.0400;BAC:0.0400;JNJ:0.0400;UNH:0.0400;PFE:0.0400;KO:0.0400;PG:0.0400;NKE:0.0400;WMT:0.0400;XOM:0.0400;CVX:0.0400;CAT:0.0400;HON:0.0400;UPS:0.0400;DIS:0.0400;NFLX:0.0400;TSLA:0.0400;COST:0.0400,,0.04383247132086033,4.383247132086033e-05,0.048507198498840554,0.04846123983713313
25,2024-02-07,2023-02-06,2024-02-06,2024-03-07,21,qubo_sample,sample,,0.054400000000000004,5,MSFT:0.0500;NVDA:0.2545;META:0.2046;WMT:0.1914;COST:0.2996,3.1951164476413854,0.39402394665211543,0.00039402394665211544,0.16206293166239671,0.16160505103980505
25,2024-02-07,2023-02-06,2024-02-06,2024-03-07,21,qubo_lw,ledoit_wolf,0.0732281005885324,0.054400000000000004,5,MSFT:0.0500;NVDA:0.2683;META:0.2193;WMT:0.1835;COST:0.2790,3.273361878807809,0.3856195505303376,0.0003856195505303376,0.16620508551272795,0.16575537403182672
25,2024-02-07,2023-02-06,2024-02-06,2024-03-07,21,mv_sample,sample,,0.054400000000000004,9,NVDA:0.2378;META:0.1836;JPM:0.0161;UNH:0.0668;PG:0.0813;WMT:0.1423;CAT:0.0157;NFLX:0.0009;COST:0.2554,3.2281619429931827,0.48045714731491884,0.00048045714731491883,0.1437728943765253,0.14322336051451678
25,2024-02-07,2023-02-06,2024-02-06,2024-03-07,21,mv_lw,ledoit_wolf,0.0732281005885324,0.054400000000000004,9,NVDA:0.2452;META:0.1920;JPM:0.0209;UNH:0.0665;PG:0.0793;WMT:0.1375;CAT:0.0203;NFLX:0.0071;COST:0.2311,3.307426748334402,0.4885334517377086,0.0004885334517377086,0.1457983896276296,0.14523862878534977
25,2024-02-07,2023-02-06,2024-02-06,2024-03-07,21,equal_weight,,,0.054400000000000004,25,AAPL:0.0400;MSFT:0.0400;GOOG:0.0400;AMZN:0.0400;NVDA:0.0400;META:0.0400;JPM:0.0400;GS:0.0400;BAC:0.0400;JNJ:0.0400;UNH:0.0400;PFE:0.0400;KO:0.0400;PG:0.0400;NKE:0.0400;WMT:0.0400;XOM:0.0400;CVX:0.0400;CAT:0.0400;HON:0.0400;UPS:0.0400;DIS:0.0400;NFLX:0.0400;TSLA:0.0400;COST:0.0400,,0.08502741878421387,8.502741878421387e-05,0.03958335759265541,0.03949496450314838
26,2024-03-08,2023-03-08,2024-03-07,2024-04-08,21,qubo_sample,sample,,0.0547,5,AMZN:0.0500;NVDA:0.2145;META:0.1600;NFLX:0.0755;COST:0.5000,3.9105604204331335,0.6812084626333789,0.0006812084626333789,-0.052728803728073204,-0.053374092883382684
26,2024-03-08,2023-03-08,2024-03-07,2024-04-08,21,qubo_lw,ledoit_wolf,0.07897532273287602,0.0547,5,AMZN:0.0500;NVDA:0.2253;META:0.1678;NFLX:0.0782;COST:0.4787,3.987770103562267,0.6850438589843191,0.0006850438589843191,-0.051182772048483316,-0.051832753463789794
26,2024-03-08,2023-03-08,2024-03-07,2024-04-08,21,mv_sample,sample,,0.0547,7,NVDA:0.1621;META:0.1166;JPM:0.0956;PG:0.1227;WMT:0.1252;NFLX:0.0531;COST:0.3248,4.035131503076816,0.5233290516910035,0.0005233290516910036,-0.03512948765143853,-0.03563443242167019
26,2024-03-08,2023-03-08,2024-03-07,2024-04-08,21,mv_lw,ledoit_wolf,0.07897532273287602,0.0547,8,NVDA:0.1734;META:0.1289;JPM:0.0942;JNJ:0.0108;PG:0.1120;WMT:0.1350;NFLX:0.0607;COST:0.2850,4.120219116162038,0.5010271419209975,0.0005010271419209975,-0.03198980783154415,-0.032474807211476886
26,2024-03-08,2023-03-08,2024-03-07,2024-04-08,21,equal_weight,,,0.0547,25,AAPL:0.0400;MSFT:0.0400;GOOG:0.0400;AMZN:0.0400;NVDA:0.0400;META:0.0400;JPM:0.0400;GS:0.0400;BAC:0.0400;JNJ:0.0400;UNH:0.0400;PFE:0.0400;KO:0.0400;PG:0.0400;NKE:0.0400;WMT:0.0400;XOM:0.0400;CVX:0.0400;CAT:0.0400;HON:0.0400;UPS:0.0400;DIS:0.0400;NFLX:0.0400;TSLA:0.0400;COST:0.0400,,0.060090159461155195,6.009015946115519e-05,0.01515066518478192,0.015089664619433174
27,2024-04-09,2023-04-06,2024-04-08,2024-05-07,21,qubo_sample,sample,,0.054299999999999994,5,NVDA:0.1402;META:0.1662;JPM:0.4640;CAT:0.1309;NFLX:0.0987,3.686994707911446,1.2225268347084308,0.0012225268347084309,-0.03961689635585708,-0.04079099047166279
27,2024-04-09,2023-04-06,2024-04-08,2024-05-07,21,qubo_lw,ledoit_wolf,0.09087101034887791,0.054299999999999994,5,NVDA:0.1571;META:0.1775;JPM:0.4034;CAT:0.1577;NFLX:0.1043,3.7699923466486576,1.160699477650572,0.001160699477650572,-0.04016156118593428,-0.04127564516049498
27,2024-04-09,2023-04-06,2024-04-08,2024-05-07,21,mv_sample,sample,,0.054299999999999994,8,AMZN:0.0419;NVDA:0.1081;META:0.1083;JPM:0.3774;WMT:0.1080;CAT:0.1000;NFLX:0.0706;COST:0.0857,3.760516390151335,0.855635071226087,0.000855635071226087,-0.01936441513778764,-0.02020348133628791
27,2024-04-09,2023-04-06,2024-04-08,2024-05-07,21,mv_lw,ledoit_wolf,0.09087101034887791,0.054299999999999994,8,AMZN:0.0457;NVDA:0.1209;META:0.1177;JPM:0.3289;WMT:0.0943;CAT:0.1228;NFLX:0.0749;COST:0.0948,3.8475182223728392,0.8080552104672782,0.0008080552104672783,-0.0192927042721468,-0.020085169912402723
27,2024-04-09,2023-04-06,2024-04-08,2024-05-07,21,equal_weight,,,0.054299999999999994,25,AAPL:0.0400;MSFT:0.0400;GOOG:0.0400;AMZN:0.0400;NVDA:0.0400;META:0.0400;JPM:0.0400;GS:0.0400;BAC:0.0400;JNJ:0.0400;UNH:0.0400;PFE:0.0400;KO:0.0400;PG:0.0400;NKE:0.0400;WMT:0.0400;XOM:0.0400;CVX:0.0400;CAT:0.0400;HON:0.0400;UPS:0.0400;DIS:0.0400;NFLX:0.0400;TSLA:0.0400;COST:0.0400,,0.05066872826389384,5.066872826389384e-05,0.013112748443850242,0.013061415309299163
28,2024-05-08,2023-05-08,2024-05-07,2024-06-06,21,qubo_sample,sample,,0.0545,5,NVDA:0.1593;META:0.0572;CAT:0.2026;NFLX:0.1083;COST:0.4725,3.247374361367085,1.131164914837592,0.001131164914837592,0.09816714537545246,0.09692493722997653
28,2024-05-08,2023-05-08,2024-05-07,2024-06-06,21,qubo_lw,ledoit_wolf,0.09010448608271122,0.0545,5,NVDA:0.1790;META:0.0759;CAT:0.2071;NFLX:0.1178;COST:0.4202,3.318581207830804,0.9937095876627264,0.0009937095876627264,0.10140800248026127,0.1003135227882681
28,2024-05-08,2023-05-08,2024-05-07,2024-06-06,21,mv_sample,sample,,0.0545,11,GOOG:0.0559;AMZN:0.0261;NVDA:0.1032;META:0.0314;JPM:0.2895;UNH:0.0049;WMT:0.0307;XOM:0.0235;CAT:0.0679;NFLX:0.0748;COST:0.2920,3.4346092506935118,0.5739296910392366,0.0005739296910392366,0.0775607420696085,0.07694229796583651
28,2024-05-08,2023-05-08,2024-05-07,2024-06-06,21,mv_lw,ledoit_wolf,0.09010448608271122,0.0545,12,GOOG:0.0570;AMZN:0.0328;NVDA:0.1175;META:0.0401;JPM:0.2199;BAC:0.0362;UNH:0.0138;WMT:0.0527;XOM:0.0298;CAT:0.0742;NFLX:0.0781;COST:0.2480,3.510236239660557,0.5685033982799684,0.0005685033982799684,0.08089370969504439,0.08027921794790305
28,2024-05-08,2023-05-08,2024-05-07,2024-06-06,21,equal_weight,,,0.0545,25,AAPL:0.0400;MSFT:0.0400;GOOG:0.0400;AMZN:0.0400;NVDA:0.0400;META:0.0400;JPM:0.0400;GS:0.0400;BAC:0.0400;JNJ:0.0400;UNH:0.0400;PFE:0.0400;KO:0.0400;PG:0.0400;NKE:0.0400;WMT:0.0400;XOM:0.0400;CVX:0.0400;CAT:0.0400;HON:0.0400;UPS:0.0400;DIS:0.0400;NFLX:0.0400;TSLA:0.0400;COST:0.0400,,0.047228427194833916,4.722842719483392e-05,0.03559391152800284,0.03554500205634881
29,2024-06-07,2023-06-07,2024-06-06,2024-07-09,21,qubo_sample,sample,,0.055099999999999996,5,NVDA:0.1649;META:0.0500;JPM:0.3215;WMT:0.1931;COST:0.2705,3.6370474239122967,1.0292876099184662,0.0010292876099184663,0.05936770748141984,0.05827731342576192
29,2024-06-07,2023-06-07,2024-06-06,2024-07-09,21,qubo_lw,ledoit_wolf,0.08641726500619965,0.055099999999999996,5,NVDA:0.1860;META:0.0500;JPM:0.3013;WMT:0.1930;COST:0.2696,3.6786829978464497,0.9886319539727336,0.0009886319539727337,0.05991763780325665,0.05886976935794541
29,2024-06-07,2023-06-07,2024-06-06,2024-07-09,21,mv_sample,sample,,0.055099999999999996,8,NVDA:0.1574;JPM:0.2543;PG:0.1219;WMT:0.1480;XOM:0.0237;CAT:0.0307;NFLX:0.0307;COST:0.2334,3.7057555487428573,0.5393889946223668,0.0005393889946223668,0.04604150501486459,0.045477281739140896
29,2024-06-07,2023-06-07,2024-06-06,2024-07-09,21,mv_lw,ledoit_wolf,0.08641726500619965,0.055099999999999996,11,NVDA:0.1681;META:0.0073;JPM:0.2118;GS:0.0230;BAC:0.0087;PG:0.1132;WMT:0.1483;XOM:0.0311;CAT:0.0330;NFLX:0.0335;COST:0.2220,3.759388372620823,0.5196845664720942,0.0005196845664720941,0.045622794320148596,0.045079400291588634
29,2024-06-07,2023-06-07,2024-06-06,2024-07-09,21,equal_weight,,,0.055099999999999996,25,AAPL:0.0400;MSFT:0.0400;GOOG:0.0400;AMZN:0.0400;NVDA:0.0400;META:0.0400;JPM:0.0400;GS:0.0400;BAC:0.0400;JNJ:0.0400;UNH:0.0400;PFE:0.0400;KO:0.0400;PG:0.0400;NKE:0.0400;WMT:0.0400;XOM:0.0400;CVX:0.0400;CAT:0.0400;HON:0.0400;UPS:0.0400;DIS:0.0400;NFLX:0.0400;TSLA:0.0400;COST:0.0400,,0.04518234681707325,4.518234681707325e-05,0.03625812088744995,0.03621130031363928
30,2024-07-10,2023-07-10,2024-07-09,2024-08-07,21,qubo_sample,sample,,0.0546,5,NVDA:0.1479;META:0.0500;JPM:0.2791;GS:0.1010;COST:0.4221,3.710121029857075,0.508615614856526,0.000508615614856526,-0.08598694721595435,-0.08645182852678301
30,2024-07-10,2023-07-10,2024-07-09,2024-08-07,21,qubo_lw,ledoit_wolf,0.09873983164570527,0.0546,5,NVDA:0.1729;META:0.0500;JPM:0.2533;GS:0.1340;COST:0.3899,3.752194436836361,0.5121934710325349,0.0005121934710325349,-0.0885184611486699,-0.0889853160418359
30,2024-07-10,2023-07-10,2024-07-09,2024-08-07,21,mv_sample,sample,,0.0546,11,GOOG:0.0522;NVDA:0.1304;JPM:0.2063;GS:0.0578;BAC:0.0145;UNH:0.0275;PG:0.0084;WMT:0.1730;XOM:0.0432;NFLX:0.0263;COST:0.2602,3.867072561672618,0.44875728237626106,0.0004487572823762611,-0.07510222348043849,-0.07551727809310493
30,2024-07-10,2023-07-10,2024-07-09,2024-08-07,21,mv_lw,ledoit_wolf,0.09873983164570527,0.0546,12,GOOG:0.0547;NVDA:0.1418;META:0.0070;JPM:0.1643;GS:0.0654;BAC:0.0432;UNH:0.0317;PG:0.0251;WMT:0.1626;XOM:0.0432;NFLX:0.0278;COST:0.2332,3.936747440659517,0.4048484824452253,0.00040484848244522534,-0.07648216333160862,-0.07685604812629498
30,2024-07-10,2023-07-10,2024-07-09,2024-08-07,21,equal_weight,,,0.0546,25,AAPL:0.0400;MSFT:0.0400;GOOG:0.0400;AMZN:0.0400;NVDA:0.0400;META:0.0400;JPM:0.0400;GS:0.0400;BAC:0.0400;JNJ:0.0400;UNH:0.0400;PFE:0.0400;KO:0.0400;PG:0.0400;NKE:0.0400;WMT:0.0400;XOM:0.0400;CVX:0.0400;CAT:0.0400;HON:0.0400;UPS:0.0400;DIS:0.0400;NFLX:0.0400;TSLA:0.0400;COST:0.0400,,0.0667900354740111,6.67900354740111e-05,-0.055383138399585974,-0.055446229393281476
31,2024-08-08,2023-08-08,2024-08-07,2024-09-06,21,qubo_sample,sample,,0.053399999999999996,5,NVDA:0.1441;JPM:0.2208;GS:0.0965;WMT:0.2216;COST:0.3170,2.4764868034255163,0.48764565704432244,0.00048764565704432247,0.07983988186187374,0.0793133026331796
31,2024-08-08,2023-08-08,2024-08-07,2024-09-06,21,qubo_lw,ledoit_wolf,0.085124046137083,0.053399999999999996,5,NVDA:0.1601;JPM:0.2019;GS:0.1201;WMT:0.2157;COST:0.3021,2.508160008550513,0.46612916693344686,0.00046612916693344685,0.07772045582977505,0.07721809889151188
31,2024-08-08,2023-08-08,2024-08-07,2024-09-06,21,mv_sample,sample,,0.053399999999999996,10,NVDA:0.1211;META:0.0181;JPM:0.1161;GS:0.0567;UNH:0.0594;KO:0.1795;WMT:0.1240;XOM:0.0812;NFLX:0.0337;COST:0.2103,2.5944012599002506,0.5567681053712491,0.0005567681053712491,0.060748371324937045,0.060157780463958144
31,2024-08-08,2023-08-08,2024-08-07,2024-09-06,21,mv_lw,ledoit_wolf,0.085124046137083,0.053399999999999996,10,NVDA:0.1274;META:0.0264;JPM:0.1130;GS:0.0717;UNH:0.0666;KO:0.1473;WMT:0.1298;XOM:0.0798;NFLX:0.0381;COST:0.1998,2.632233494507914,0.4976045048660973,0.0004976045048660973,0.06086423757136705,0.060336346747700276
31,2024-08-08,2023-08-08,2024-08-07,2024-09-06,21,equal_weight,,,0.053399999999999996,25,AAPL:0.0400;MSFT:0.0400;GOOG:0.0400;AMZN:0.0400;NVDA:0.0400;META:0.0400;JPM:0.0400;GS:0.0400;BAC:0.0400;JNJ:0.0400;UNH:0.0400;PFE:0.0400;KO:0.0400;PG:0.0400;NKE:0.0400;WMT:0.0400;XOM:0.0400;CVX:0.0400;CAT:0.0400;HON:0.0400;UPS:0.0400;DIS:0.0400;NFLX:0.0400;TSLA:0.0400;COST:0.0400,,0.08393550817269685,8.393550817269685e-05,0.039894838780690556,0.03980755467895114
32,2024-09-09,2023-09-07,2024-09-06,2024-10-07,21,qubo_sample,sample,,0.0513,5,NVDA:0.0803;JPM:0.3133;GS:0.0634;WMT:0.2713;COST:0.2717,3.1543642941309207,0.26431907697550144,0.00026431907697550144,0.028827551513059158,0.02855561276427565
32,2024-09-09,2023-09-07,2024-09-06,2024-10-07,21,qubo_lw,ledoit_wolf,0.08075827048102799,0.0513,5,NVDA:0.0909;JPM:0.2774;GS:0.0999;WMT:0.2628;COST:0.2691,3.1632120666113615,0.22315943549108183,0.00022315943549108184,0.03230965047320922,0.032079280834357515
32,2024-09-09,2023-09-07,2024-09-06,2024-10-07,21,mv_sample,sample,,0.0513,10,NVDA:0.0635;META:0.0311;JPM:0.1954;GS:0.0416;UNH:0.1054;KO:0.1640;PG:0.0377;WMT:0.1591;NFLX:0.0514;COST:0.1509,3.402094989135663,0.4374882390794646,0.0004374882390794646,0.021490740238637063,0.021043850053454216
32,2024-09-09,2023-09-07,2024-09-06,2024-10-07,21,mv_lw,ledoit_wolf,0.08075827048102799,0.0513,10,NVDA:0.0664;META:0.0364;JPM:0.1737;GS:0.0650;UNH:0.1088;KO:0.1360;PG:0.0535;WMT:0.1556;NFLX:0.0539;COST:0.1506,3.4310250679760537,0.3952478438539916,0.0003952478438539916,0.023689462662956462,0.02328485161006233
32,2024-09-09,2023-09-07,2024-09-06,2024-10-07,21,equal_weight,,,0.0513,25,AAPL:0.0400;MSFT:0.0400;GOOG:0.0400;AMZN:0.0400;NVDA:0.0400;META:0.0400;JPM:0.0400;GS:0.0400;BAC:0.0400;JNJ:0.0400;UNH:0.0400;PFE:0.0400;KO:0.0400;PG:0.0400;NKE:0.0400;WMT:0.0400;XOM:0.0400;CVX:0.0400;CAT:0.0400;HON:0.0400;UPS:0.0400;DIS:0.0400;NFLX:0.0400;TSLA:0.0400;COST:0.0400,,0.03166965667801301,3.166965667801301e-05,0.051311855834797804,0.051278561149262325
33,2024-10-08,2023-10-06,2024-10-07,2024-11-05,21,qubo_sample,sample,,0.04769999999999999,5,NVDA:0.1109;META:0.0688;BAC:0.2790;WMT:0.3936;NFLX:0.1478,3.663540644452218,1.2617478847379642,0.0012617478847379642,0.05837760516085644,0.057042199456290854
33,2024-10-08,2023-10-06,2024-10-07,2024-11-05,21,qubo_lw,ledoit_wolf,0.0818296652960579,0.04769999999999999,5,NVDA:0.1211;META:0.0796;BAC:0.2783;WMT:0.3673;NFLX:0.1537,3.686225629993752,1.2558788507193817,0.0012558788507193816,0.05809357710198948,0.05676473975642571
33,2024-10-08,2023-10-06,2024-10-07,2024-11-05,21,mv_sample,sample,,0.04769999999999999,10,NVDA:0.0956;META:0.0421;JPM:0.0498;GS:0.0376;BAC:0.0778;UNH:0.0010;KO:0.4363;WMT:0.1588;XOM:0.0194;NFLX:0.0816,4.246320375731131,0.8602328707131689,0.0008602328707131689,0.009300044590498047,0.00843181151573047
33,2024-10-08,2023-10-06,2024-10-07,2024-11-05,21,mv_lw,ledoit_wolf,0.0818296652960579,0.04769999999999999,12,NVDA:0.0956;META:0.0488;JPM:0.0649;GS:0.0518;BAC:0.0793;UNH:0.0227;KO:0.3059;PG:0.0473;WMT:0.1681;XOM:0.0226;NFLX:0.0874;COST:0.0056,4.1972680376402725,0.6867230225781873,0.0006867230225781873,0.01806371767137449,0.017364589877997494
33,2024-10-08,2023-10-06,2024-10-07,2024-11-05,21,equal_weight,,,0.04769999999999999,25,AAPL:0.0400;MSFT:0.0400;GOOG:0.0400;AMZN:0.0400;NVDA:0.0400;META:0.0400;JPM:0.0400;GS:0.0400;BAC:0.0400;JNJ:0.0400;UNH:0.0400;PFE:0.0400;KO:0.0400;PG:0.0400;NKE:0.0400;WMT:0.0400;XOM:0.0400;CVX:0.0400;CAT:0.0400;HON:0.0400;UPS:0.0400;DIS:0.0400;NFLX:0.0400;TSLA:0.0400;COST:0.0400,,0.05305891681080146,5.305891681080146e-05,0.018506020190767192,0.01845197936457077
34,2024-11-06,2023-11-06,2024-11-05,2024-12-05,21,qubo_sample,sample,,0.0464,5,NVDA:0.1241;JPM:0.2582;GS:0.1133;WMT:0.3908;NFLX:0.1137,3.8918604251059983,0.7614854191358938,0.0007614854191358939,0.1253680852382324,0.12451113385016233
34,2024-11-06,2023-11-06,2024-11-05,2024-12-05,21,qubo_lw,ledoit_wolf,0.08719897141329,0.0464,5,NVDA:0.1358;JPM:0.2383;GS:0.1397;WMT:0.3650;NFLX:0.1213,3.9107730757175956,0.7767176788274966,0.0007767176788274966,0.12523348877576712,0.12435950003222596
34,2024-11-06,2023-11-06,2024-11-05,2024-12-05,21,mv_sample,sample,,0.0464,11,NVDA:0.1058;META:0.0211;JPM:0.1673;GS:0.0543;BAC:0.0187;KO:0.2080;PG:0.0419;WMT:0.2556;CAT:0.0398;NFLX:0.0794;COST:0.0082,4.0226494229668095,0.6222670291364988,0.0006222670291364988,0.08300388125683988,0.08232996364910705
34,2024-11-06,2023-11-06,2024-11-05,2024-12-05,21,mv_lw,ledoit_wolf,0.08719897141329,0.0464,13,NVDA:0.1076;META:0.0253;JPM:0.1463;GS:0.0665;BAC:0.0359;JNJ:0.0189;UNH:0.0065;KO:0.1452;PG:0.0550;WMT:0.2326;CAT:0.0388;NFLX:0.0807;COST:0.0408,4.063459088743857,0.5116278927545864,0.0005116278927545865,0.08719876375511482,0.08664252254260907
34,2024-11-06,2023-11-06,2024-11-05,2024-12-05,21,equal_weight,,,0.0464,25,AAPL:0.0400;MSFT:0.0400;GOOG:0.0400;AMZN:0.0400;NVDA:0.0400;META:0.0400;JPM:0.0400;GS:0.0400;BAC:0.0400;JNJ:0.0400;UNH:0.0400;PFE:0.0400;KO:0.0400;PG:0.0400;NKE:0.0400;WMT:0.0400;XOM:0.0400;CVX:0.0400;CAT:0.0400;HON:0.0400;UPS:0.0400;DIS:0.0400;NFLX:0.0400;TSLA:0.0400;COST:0.0400,,0.03675319058388731,3.6753190583887314e-05,0.07735801795892527,0.07731842161436431
35,2024-12-06,2023-12-06,2024-12-05,2025-01-07,21,qubo_sample,sample,,0.0446,5,NVDA:0.0745;META:0.0502;GS:0.2240;WMT:0.5000;NFLX:0.1513,4.669500006856658,0.5881976777639505,0.0005881976777639505,-0.03688495182803575,-0.03745145386279025
35,2024-12-06,2023-12-06,2024-12-05,2025-01-07,21,qubo_lw,ledoit_wolf,0.09465061646073344,0.0446,5,NVDA:0.0882;META:0.0537;GS:0.2111;WMT:0.5000;NFLX:0.1470,4.614867388997863,0.5432074439308232,0.0005432074439308232,-0.036755235774356576,-0.037278477500611196
35,2024-12-06,2023-12-06,2024-12-05,2025-01-07,21,mv_sample,sample,,0.0446,9,NVDA:0.0765;META:0.0310;JPM:0.0419;GS:0.1130;BAC:0.0267;PG:0.1535;WMT:0.4137;XOM:0.0447;NFLX:0.0989,4.816992362632253,0.7730009738117486,0.0007730009738117486,-0.04507452085409536,-0.04581267917939236
35,2024-12-06,2023-12-06,2024-12-05,2025-01-07,21,mv_lw,ledoit_wolf,0.09465061646073344,0.0446,11,NVDA:0.0841;META:0.0394;JPM:0.0540;GS:0.1016;BAC:0.0480;PG:0.1450;WMT:0.3731;XOM:0.0412;DIS:0.0028;NFLX:0.1068;COST:0.0039,4.773325009627723,0.680318237307308,0.000680318237307308,-0.043208209090842775,-0.04385913199550451
35,2024-12-06,2023-12-06,2024-12-05,2025-01-07,21,equal_weight,,,0.0446,25,AAPL:0.0400;MSFT:0.0400;GOOG:0.0400;AMZN:0.0400;NVDA:0.0400;META:0.0400;JPM:0.0400;GS:0.0400;BAC:0.0400;JNJ:0.0400;UNH:0.0400;PFE:0.0400;KO:0.0400;PG:0.0400;NKE:0.0400;WMT:0.0400;XOM:0.0400;CVX:0.0400;CAT:0.0400;HON:0.0400;UPS:0.0400;DIS:0.0400;NFLX:0.0400;TSLA:0.0400;COST:0.0400,,0.06837944396993759,6.837944396993759e-05,-0.02510784308913605,-0.025174505672756253
36,2025-01-08,2024-01-08,2025-01-07,2025-02-07,21,qubo_sample,sample,,0.0435,5,NVDA:0.0951;META:0.0500;GS:0.1875;WMT:0.5000;NFLX:0.1674,3.928607234127755,0.08293201265263317,8.293201265263317e-05,0.10791060036349465,0.1078187191075668
36,2025-01-08,2024-01-08,2025-01-07,2025-02-07,21,qubo_lw,ledoit_wolf,0.08492673253589414,0.0435,5,NVDA:0.1089;META:0.0510;GS:0.1757;WMT:0.5000;NFLX:0.1643,3.914123534172285,0.08580379573800685,8.580379573800685e-05,0.10504178455370083,0.10494696777413748
36,2025-01-08,2024-01-08,2025-01-07,2025-02-07,21,mv_sample,sample,,0.0435,10,AAPL:0.0375;NVDA:0.0933;META:0.0223;JPM:0.0764;GS:0.0495;BAC:0.0167;PG:0.0624;WMT:0.5000;XOM:0.0359;NFLX:0.1059,4.02598737127082,0.35866042702852236,0.00035866042702852236,0.08775403288005412,0.08736389855411986
36,2025-01-08,2024-01-08,2025-01-07,2025-02-07,21,mv_lw,ledoit_wolf,0.08492673253589414,0.0435,11,AAPL:0.0404;NVDA:0.1009;META:0.0311;JPM:0.0729;GS:0.0554;BAC:0.0330;PG:0.0709;WMT:0.4506;XOM:0.0277;DIS:0.0039;NFLX:0.1131,3.9913301579565448,0.31758227814731776,0.0003175822781473178,0.08502516855078768,0.08468058378591214
36,2025-01-08,2024-01-08,2025-01-07,2025-02-07,21,equal_weight,,,0.0435,25,AAPL:0.0400;MSFT:0.0400;GOOG:0.0400;AMZN:0.0400;NVDA:0.0400;META:0.0400;JPM:0.0400;GS:0.0400;BAC:0.0400;JNJ:0.0400;UNH:0.0400;PFE:0.0400;KO:0.0400;PG:0.0400;NKE:0.0400;WMT:0.0400;XOM:0.0400;CVX:0.0400;CAT:0.0400;HON:0.0400;UPS:0.0400;DIS:0.0400;NFLX:0.0400;TSLA:0.0400;COST:0.0400,,0.03751459710394452,3.751459710394452e-05,0.021324441189908727,0.021286126614984413
37,2025-02-10,2024-02-07,2025-02-07,2025-03-11,21,qubo_sample,sample,,0.0435,5,META:0.0620;JPM:0.1417;GS:0.1231;WMT:0.5000;NFLX:0.1732,3.9403393203806214,0.30299034840902167,0.0003029903484090217,-0.1443519373448261,-0.1446111904494456
37,2025-02-10,2024-02-07,2025-02-07,2025-03-11,21,qubo_lw,ledoit_wolf,0.08075560148812334,0.0435,5,META:0.0644;JPM:0.1288;GS:0.1341;WMT:0.5000;NFLX:0.1727,3.8937561223856743,0.2820871222095141,0.0002820871222095141,-0.14451604123067097,-0.14475736223869684
37,2025-02-10,2024-02-07,2025-02-07,2025-03-11,21,mv_sample,sample,,0.0435,9,NVDA:0.0369;META:0.0376;JPM:0.1239;GS:0.1001;UNH:0.0088;KO:0.0539;WMT:0.5000;XOM:0.0033;NFLX:0.1354,3.9803263235101305,0.38526062698111146,0.00038526062698111146,-0.1294453996593724,-0.1297807900705208
37,2025-02-10,2024-02-07,2025-02-07,2025-03-11,21,mv_lw,ledoit_wolf,0.08075560148812334,0.0435,10,NVDA:0.0394;META:0.0442;JPM:0.1219;GS:0.1123;BAC:0.0054;UNH:0.0052;KO:0.0353;WMT:0.4924;NFLX:0.1415;TSLA:0.0023,3.9294645550176672,0.41071465047494593,0.00041071465047494595,-0.1360410866415388,-0.13639592722466376
37,2025-02-10,2024-02-07,2025-02-07,2025-03-11,21,equal_weight,,,0.0435,25,AAPL:0.0400;MSFT:0.0400;GOOG:0.0400;AMZN:0.0400;NVDA:0.0400;META:0.0400;JPM:0.0400;GS:0.0400;BAC:0.0400;JNJ:0.0400;UNH:0.0400;PFE:0.0400;KO:0.0400;PG:0.0400;NKE:0.0400;WMT:0.0400;XOM:0.0400;CVX:0.0400;CAT:0.0400;HON:0.0400;UPS:0.0400;DIS:0.0400;NFLX:0.0400;TSLA:0.0400;COST:0.0400,,0.06234179526270701,6.234179526270701e-05,-0.06941607249112458,-0.0694740867638085
38,2025-03-12,2024-03-08,2025-03-11,2025-04-09,21,qubo_sample,sample,,0.0434,5,AAPL:0.0883;GS:0.1187;KO:0.3546;WMT:0.2899;NFLX:0.1484,2.3734175883229915,0.8889516990966169,0.0008889516990966169,0.001422517624271924,0.0005323013757156936
38,2025-03-12,2024-03-08,2025-03-11,2025-04-09,21,qubo_lw,ledoit_wolf,0.0722841598835343,0.0434,5,AAPL:0.1034;GS:0.1295;KO:0.3115;WMT:0.3000;NFLX:0.1555,2.342947768494187,0.833690205115326,0.000833690205115326,0.0006431797797112893,-0.0001910466380865561
38,2025-03-12,2024-03-08,2025-03-11,2025-04-09,21,mv_sample,sample,,0.0434,7,AAPL:0.0716;GOOG:0.0296;NVDA:0.0129;GS:0.1067;KO:0.3659;WMT:0.2821;NFLX:0.1312,2.3825111247374697,0.8226929791655417,0.0008226929791655417,0.0019114757958640372,0.0010872102589822852
38,2025-03-12,2024-03-08,2025-03-11,2025-04-09,21,mv_lw,ledoit_wolf,0.0722841598835343,0.0434,8,AAPL:0.0895;GOOG:0.0322;NVDA:0.0076;GS:0.1191;KO:0.3165;WMT:0.2927;XOM:0.0004;NFLX:0.1419,2.350124759000369,0.8127430453596354,0.0008127430453596354,0.0007368515438657131,-7.649037246171275e-05
38,2025-03-12,2024-03-08,2025-03-11,2025-04-09,21,equal_weight,,,0.0434,25,AAPL:0.0400;MSFT:0.0400;GOOG:0.0400;AMZN:0.0400;NVDA:0.0400;META:0.0400;JPM:0.0400;GS:0.0400;BAC:0.0400;JNJ:0.0400;UNH:0.0400;PFE:0.0400;KO:0.0400;PG:0.0400;NKE:0.0400;WMT:0.0400;XOM:0.0400;CVX:0.0400;CAT:0.0400;HON:0.0400;UPS:0.0400;DIS:0.0400;NFLX:0.0400;TSLA:0.0400;COST:0.0400,,0.09413645967808142,9.413645967808141e-05,-0.02509686581629489,-0.025188639745875707
39,2025-04-10,2024-04-09,2025-04-09,2025-05-09,21,qubo_sample,sample,,0.0435,5,UNH:0.1497;KO:0.2816;WMT:0.3146;NFLX:0.2041;COST:0.0500,2.0478400839586843,0.5288334838200652,0.0005288334838200652,0.021248310115747016,0.020708239814062557
39,2025-04-10,2024-04-09,2025-04-09,2025-05-09,21,qubo_lw,ledoit_wolf,0.10956210341717744,0.0435,5,UNH:0.1630;KO:0.2300;WMT:0.3121;NFLX:0.2137;COST:0.0812,2.0420587635238165,0.5956017942307001,0.0005956017942307002,0.019491519436652283,0.018884308458472887
39,2025-04-10,2024-04-09,2025-04-09,2025-05-09,21,mv_sample,sample,,0.0435,6,NVDA:0.0240;UNH:0.1470;KO:0.3209;WMT:0.3109;NFLX:0.1759;TSLA:0.0212,2.0675729809207564,0.47600729759847704,0.00047600729759847703,0.016611609856562737,0.016127695311447976
39,2025-04-10,2024-04-09,2025-04-09,2025-05-09,21,mv_lw,ledoit_wolf,0.10956210341717744,0.0435,7,NVDA:0.0214;UNH:0.1614;KO:0.2542;WMT:0.2980;NFLX:0.1805;TSLA:0.0294;COST:0.0551,2.06443980172227,0.5798951241449112,0.0005798951241449112,0.01428854280563896,0.013700361825190077
39,2025-04-10,2024-04-09,2025-04-09,2025-05-09,21,equal_weight,,,0.0435,25,AAPL:0.0400;MSFT:0.0400;GOOG:0.0400;AMZN:0.0400;NVDA:0.0400;META:0.0400;JPM:0.0400;GS:0.0400;BAC:0.0400;JNJ:0.0400;UNH:0.0400;PFE:0.0400;KO:0.0400;PG:0.0400;NKE:0.0400;WMT:0.0400;XOM:0.0400;CVX:0.0400;CAT:0.0400;HON:0.0400;UPS:0.0400;DIS:0.0400;NFLX:0.0400;TSLA:0.0400;COST:0.0400,,0.06698526854397943,6.698526854397944e-05,0.030072268792994405,0.03000326912545015
40,2025-05-12,2024-05-08,2025-05-09,2025-06-10,21,qubo_sample,sample,,0.0434,5,JPM:0.0500;KO:0.1324;WMT:0.3859;NFLX:0.3817;COST:0.0500,2.353394448774619,0.48642760049964434,0.00048642760049964436,0.030079763930663805,0.029578704702771796
40,2025-05-12,2024-05-08,2025-05-09,2025-06-10,21,qubo_lw,ledoit_wolf,0.10262529066015327,0.0434,5,JPM:0.0500;KO:0.1258;WMT:0.3785;NFLX:0.3957;COST:0.0500,2.3718988855860945,0.48027451200766585,0.00048027451200766586,0.030640365929763602,0.030145375630961313
40,2025-05-12,2024-05-08,2025-05-09,2025-06-10,21,mv_sample,sample,,0.0434,4,JNJ:0.0055;KO:0.1579;WMT:0.4277;NFLX:0.4089,2.388100587767691,0.6050593365079863,0.0006050593365079863,0.029613483592991763,0.028990506341748823
40,2025-05-12,2024-05-08,2025-05-09,2025-06-10,21,mv_lw,ledoit_wolf,0.10262529066015327,0.0434,6,JPM:0.0153;JNJ:0.0235;KO:0.1363;WMT:0.4058;NFLX:0.4146;TSLA:0.0045,2.391798137680588,0.6534383296008813,0.0006534383296008813,0.0310079252841291,0.03033422518762685
40,2025-05-12,2024-05-08,2025-05-09,2025-06-10,21,equal_weight,,,0.0434,25,AAPL:0.0400;MSFT:0.0400;GOOG:0.0400;AMZN:0.0400;NVDA:0.0400;META:0.0400;JPM:0.0400;GS:0.0400;BAC:0.0400;JNJ:0.0400;UNH:0.0400;PFE:0.0400;KO:0.0400;PG:0.0400;NKE:0.0400;WMT:0.0400;XOM:0.0400;CVX:0.0400;CAT:0.0400;HON:0.0400;UPS:0.0400;DIS:0.0400;NFLX:0.0400;TSLA:0.0400;COST:0.0400,,0.0652303669991832,6.523036699918321e-05,0.06829972742343227,0.06823004184014714
41,2025-06-11,2024-06-07,2025-06-10,2025-07-11,21,qubo_sample,sample,,0.044500000000000005,5,JPM:0.0632;JNJ:0.0970;KO:0.1585;WMT:0.2598;NFLX:0.4214,2.182168371340989,0.3312640973653206,0.0003312640973653206,0.007287714850033433,0.006954036594386759
41,2025-06-11,2024-06-07,2025-06-10,2025-07-11,21,qubo_lw,ledoit_wolf,0.09447983879480798,0.044500000000000005,5,META:0.0500;JPM:0.0866;KO:0.1879;WMT:0.2585;NFLX:0.4170,2.173826518595737,0.3190885921348113,0.00031908859213481127,0.008918357655083309,0.008596423316761026
41,2025-06-11,2024-06-07,2025-06-10,2025-07-11,21,mv_sample,sample,,0.044500000000000005,6,JPM:0.0372;JNJ:0.1107;KO:0.1763;WMT:0.2406;NFLX:0.4037;TSLA:0.0315,2.1939063726046943,0.3859733629023012,0.0003859733629023012,0.0036881081774400304,0.003300711303021675
41,2025-06-11,2024-06-07,2025-06-10,2025-07-11,21,mv_lw,ledoit_wolf,0.09447983879480798,0.044500000000000005,6,JPM:0.0592;JNJ:0.1046;KO:0.1575;WMT:0.2381;NFLX:0.3987;TSLA:0.0418,2.2131469617398505,0.36735364845498114,0.0003673536484549811,0.005297884269529929,0.004928584423958826
41,2025-06-11,2024-06-07,2025-06-10,2025-07-11,21,equal_weight,,,0.044500000000000005,25,AAPL:0.0400;MSFT:0.0400;GOOG:0.0400;AMZN:0.0400;NVDA:0.0400;META:0.0400;JPM:0.0400;GS:0.0400;BAC:0.0400;JNJ:0.0400;UNH:0.0400;PFE:0.0400;KO:0.0400;PG:0.0400;NKE:0.0400;WMT:0.0400;XOM:0.0400;CVX:0.0400;CAT:0.0400;HON:0.0400;UPS:0.0400;DIS:0.0400;NFLX:0.0400;TSLA:0.0400;COST:0.0400,,0.05027999164518293,5.027999164518293e-05,0.03931949128422274,0.03926723430888468
42,2025-07-14,2024-07-10,2025-07-11,2025-08-11,21,qubo_sample,sample,,0.0441,5,GS:0.0950;JNJ:0.1405;KO:0.1699;WMT:0.1515;NFLX:0.4430,2.028823864875042,0.33207872704210273,0.0003320787270421027,0.02497964137690234,0.0246392674423499
42,2025-07-14,2024-07-10,2025-07-11,2025-08-11,21,qubo_lw,ledoit_wolf,0.09316050295380614,0.0441,5,GS:0.1211;JNJ:0.1241;KO:0.1512;WMT:0.1668;NFLX:0.4368,2.0456005832818507,0.5088140829290227,0.0005088140829290227,0.025182776513466676,0.024661149079200362
42,2025-07-14,2024-07-10,2025-07-11,2025-08-11,21,mv_sample,sample,,0.0441,6,JPM:0.0832;GS:0.0336;JNJ:0.1337;KO:0.1638;WMT:0.1426;NFLX:0.4431,2.0322193003100617,0.2543636481326225,0.0002543636481326225,0.02280490541261404,0.022544741025545267
42,2025-07-14,2024-07-10,2025-07-11,2025-08-11,21,mv_lw,ledoit_wolf,0.09316050295380614,0.0441,6,JPM:0.0779;GS:0.0696;JNJ:0.1175;KO:0.1465;WMT:0.1568;NFLX:0.4317,2.0510154771207674,0.23766503343984813,0.00023766503343984814,0.023205386938093264,0.0229622067955908
42,2025-07-14,2024-07-10,2025-07-11,2025-08-11,21,equal_weight,,,0.0441,25,AAPL:0.0400;MSFT:0.0400;GOOG:0.0400;AMZN:0.0400;NVDA:0.0400;META:0.0400;JPM:0.0400;GS:0.0400;BAC:0.0400;JNJ:0.0400;UNH:0.0400;PFE:0.0400;KO:0.0400;PG:0.0400;NKE:0.0400;WMT:0.0400;XOM:0.0400;CVX:0.0400;CAT:0.0400;HON:0.0400;UPS:0.0400;DIS:0.0400;NFLX:0.0400;TSLA:0.0400;COST:0.0400,,0.04395080398466098,4.395080398466098e-05,0.005632295768553508,0.005588097420641924
43,2025-08-12,2024-08-08,2025-08-11,2025-09-10,21,qubo_sample,sample,,0.0434,5,NVDA:0.0656;JPM:0.0500;JNJ:0.2315;WMT:0.3105;NFLX:0.3424,2.4868461560107433,0.6860227064128623,0.0006860227064128623,0.0029811087051037077,0.002293040890428699
43,2025-08-12,2024-08-08,2025-08-11,2025-09-10,21,qubo_lw,ledoit_wolf,0.10562232776355104,0.0434,5,NVDA:0.0779;JPM:0.0739;JNJ:0.1965;WMT:0.3027;NFLX:0.3490,2.5145632371030837,0.6755720768107336,0.0006755720768107336,0.0033148430419076558,0.002637031549698854
43,2025-08-12,2024-08-08,2025-08-11,2025-09-10,21,mv_sample,sample,,0.0434,5,NVDA:0.0674;JPM:0.0407;JNJ:0.2347;WMT:0.3134;NFLX:0.3438,2.487011551429037,0.6343181655456587,0.0006343181655456587,0.00258229509537955,0.0019463389331459968
43,2025-08-12,2024-08-08,2025-08-11,2025-09-10,21,mv_lw,ledoit_wolf,0.10562232776355104,0.0434,6,NVDA:0.0750;META:0.0108;JPM:0.0713;JNJ:0.1974;WMT:0.2990;NFLX:0.3465,2.514891269215012,0.5723357452301931,0.0005723357452301932,0.0031701709919842447,0.002596020844576552
43,2025-08-12,2024-08-08,2025-08-11,2025-09-10,21,equal_weight,,,0.0434,25,AAPL:0.0400;MSFT:0.0400;GOOG:0.0400;AMZN:0.0400;NVDA:0.0400;META:0.0400;JPM:0.0400;GS:0.0400;BAC:0.0400;JNJ:0.0400;UNH:0.0400;PFE:0.0400;KO:0.0400;PG:0.0400;NKE:0.0400;WMT:0.0400;XOM:0.0400;CVX:0.0400;CAT:0.0400;HON:0.0400;UPS:0.0400;DIS:0.0400;NFLX:0.0400;TSLA:0.0400;COST:0.0400,,0.05572056263978104,5.572056263978104e-05,0.03440706945192007,0.03434943170801197
44,2025-09-11,2024-09-09,2025-09-10,2025-10-09,21,qubo_sample,sample,,0.0409,5,GOOG:0.2262;GS:0.0864;JNJ:0.2635;WMT:0.0500;NFLX:0.3738,2.277297935865313,0.7304606343966498,0.0007304606343966497,0.022279299901243554,0.02153256511530688
44,2025-09-11,2024-09-09,2025-09-10,2025-10-09,21,qubo_lw,ledoit_wolf,0.11455022163108625,0.0409,5,GOOG:0.2269;GS:0.1232;JNJ:0.2043;WMT:0.0726;NFLX:0.3731,2.30996603821707,0.743500105093319,0.000743500105093319,0.01794644190041117,0.017189598613878365
44,2025-09-11,2024-09-09,2025-09-10,2025-10-09,21,mv_sample,sample,,0.0409,8,GOOG:0.2132;NVDA:0.0274;JPM:0.0126;GS:0.0578;JNJ:0.2745;WMT:0.0432;CVX:0.0116;NFLX:0.3596,2.28146214217712,0.6541550592162646,0.0006541550592162646,0.02497107739996829,0.02430058738413643
44,2025-09-11,2024-09-09,2025-09-10,2025-10-09,21,mv_lw,ledoit_wolf,0.11455022163108625,0.0409,8,GOOG:0.2066;NVDA:0.0367;JPM:0.0324;GS:0.0766;JNJ:0.2103;WMT:0.0684;CVX:0.0190;NFLX:0.3500,2.319141576414691,0.6239184833050262,0.0006239184833050262,0.020983175891390315,0.020346165616807577
44,2025-09-11,2024-09-09,2025-09-10,2025-10-09,21,equal_weight,,,0.0409,25,AAPL:0.0400;MSFT:0.0400;GOOG:0.0400;AMZN:0.0400;NVDA:0.0400;META:0.0400;JPM:0.0400;GS:0.0400;BAC:0.0400;JNJ:0.0400;UNH:0.0400;PFE:0.0400;KO:0.0400;PG:0.0400;NKE:0.0400;WMT:0.0400;XOM:0.0400;CVX:0.0400;CAT:0.0400;HON:0.0400;UPS:0.0400;DIS:0.0400;NFLX:0.0400;TSLA:0.0400;COST:0.0400,,0.0501093150141994,5.01093150141994e-05,0.024877601199969845,0.024826245285400672
45,2025-10-10,2024-10-08,2025-10-09,2025-11-07,21,qubo_sample,sample,,0.0403,5,GOOG:0.1663;GS:0.0833;JNJ:0.4167;WMT:0.0500;NFLX:0.2836,2.3033994614087727,0.27394280171398944,0.00027394280171398947,-0.012359106798996433,-0.012629663912366751
45,2025-10-10,2024-10-08,2025-10-09,2025-11-07,21,qubo_lw,ledoit_wolf,0.11825195541213676,0.0403,5,GOOG:0.1675;JPM:0.1112;GS:0.0668;JNJ:0.3516;NFLX:0.3028,2.301194116448658,0.4893801777117797,0.0004893801777117797,-0.010005318545439068,-0.010489802318582653
45,2025-10-10,2024-10-08,2025-10-09,2025-11-07,21,mv_sample,sample,,0.0403,6,GOOG:0.1509;NVDA:0.0178;JPM:0.1082;JNJ:0.4267;NFLX:0.2833;TSLA:0.0132,2.3245063159015773,0.4888130525157145,0.0004888130525157145,-0.013555861969683725,-0.01403804873993042
45,2025-10-10,2024-10-08,2025-10-09,2025-11-07,21,mv_lw,ledoit_wolf,0.11825195541213676,0.0403,8,GOOG:0.1473;NVDA:0.0154;JPM:0.1014;GS:0.0435;JNJ:0.3548;WMT:0.0268;NFLX:0.2886;TSLA:0.0222,2.311520492780733,0.44420575430328385,0.0004442057543032839,-0.012654325680314105,-0.013092910310333217
45,2025-10-10,2024-10-08,2025-10-09,2025-11-07,21,equal_weight,,,0.0403,25,AAPL:0.0400;MSFT:0.0400;GOOG:0.0400;AMZN:0.0400;NVDA:0.0400;META:0.0400;JPM:0.0400;GS:0.0400;BAC:0.0400;JNJ:0.0400;UNH:0.0400;PFE:0.0400;KO:0.0400;PG:0.0400;NKE:0.0400;WMT:0.0400;XOM:0.0400;CVX:0.0400;CAT:0.0400;HON:0.0400;UPS:0.0400;DIS:0.0400;NFLX:0.0400;TSLA:0.0400;COST:0.0400,,0.052130518829793734,5.2130518829793734e-05,0.005721193660212176,0.005668764892589273
46,2025-11-10,2024-11-06,2025-11-07,2025-12-09,21,qubo_sample,sample,,0.0392,5,GOOG:0.2762;JNJ:0.3567;KO:0.1080;CAT:0.1094;NFLX:0.1497,2.1460130446712546,0.5981970212935368,0.0005981970212935368,0.05341176308802309,0.052781615309148266
46,2025-11-10,2024-11-06,2025-11-07,2025-12-09,21,qubo_lw,ledoit_wolf,0.11512639510961586,0.0392,5,GOOG:0.2798;JPM:0.1089;JNJ:0.3451;CAT:0.1026;NFLX:0.1636,2.128114458318459,0.37399963017964544,0.00037399963017964547,0.04609024569646181,0.04569900833143703
46,2025-11-10,2024-11-06,2025-11-07,2025-12-09,21,mv_sample,sample,,0.0392,6,GOOG:0.2653;JPM:0.0670;JNJ:0.3482;KO:0.1005;CAT:0.0825;NFLX:0.1365,2.155163610225653,0.5432832013028885,0.0005432832013028885,0.04846112742267539,0.04789151610492737
46,2025-11-10,2024-11-06,2025-11-07,2025-12-09,21,mv_lw,ledoit_wolf,0.11512639510961586,0.0392,8,GOOG:0.2613;JPM:0.0923;JNJ:0.2840;KO:0.1094;WMT:0.0088;CAT:0.1026;NFLX:0.1413;TSLA:0.0003,2.1493984241033917,0.601906354896423,0.0006019063548964229,0.04336792725506955,0.04273991746916006
46,2025-11-10,2024-11-06,2025-11-07,2025-12-09,21,equal_weight,,,0.0392,25,AAPL:0.0400;MSFT:0.0400;GOOG:0.0400;AMZN:0.0400;NVDA:0.0400;META:0.0400;JPM:0.0400;GS:0.0400;BAC:0.0400;JNJ:0.0400;UNH:0.0400;PFE:0.0400;KO:0.0400;PG:0.0400;NKE:0.0400;WMT:0.0400;XOM:0.0400;CVX:0.0400;CAT:0.0400;HON:0.0400;UPS:0.0400;DIS:0.0400;NFLX:0.0400;TSLA:0.0400;COST:0.0400,,0.05639267740229708,5.639267740229708e-05,0.014249845037518138,0.014192648773201366
47,2025-12-10,2024-12-06,2025-12-09,2025-12-31,15,qubo_sample,sample,,0.0373,5,GOOG:0.3091;GS:0.0500;JNJ:0.4817;KO:0.0781;CAT:0.0811,2.6168113305261294,0.3548589113878773,0.00035485891138787727,0.010000714814478062,0.00964230706031799
47,2025-12-10,2024-12-06,2025-12-09,2025-12-31,15,qubo_lw,ledoit_wolf,0.11520805753219761,0.0373,5,GOOG:0.3163;GS:0.0517;JNJ:0.4050;KO:0.1134;CAT:0.1136,2.5594267887680484,0.47321647780392706,0.00047321647780392706,0.005968904586796775,0.005492863524987568
47,2025-12-10,2024-12-06,2025-12-09,2025-12-31,15,mv_sample,sample,,0.0373,5,GOOG:0.3161;GS:0.0232;JNJ:0.4794;KO:0.0868;CAT:0.0946,2.6189722003195586,0.36858748101134586,0.00036858748101134585,0.009251921889818826,0.008879924266224082
47,2025-12-10,2024-12-06,2025-12-09,2025-12-31,15,mv_lw,ledoit_wolf,0.11520805753219761,0.0373,6,GOOG:0.3149;GS:0.0497;JNJ:0.4032;KO:0.1113;WMT:0.0081;CAT:0.1129,2.559624478410871,0.41007539683252014,0.00041007539683252017,0.0057100356510928485,0.0052976187091253735
47,2025-12-10,2024-12-06,2025-12-09,2025-12-31,15,equal_weight,,,0.0373,25,AAPL:0.0400;MSFT:0.0400;GOOG:0.0400;AMZN:0.0400;NVDA:0.0400;META:0.0400;JPM:0.0400;GS:0.0400;BAC:0.0400;JNJ:0.0400;UNH:0.0400;PFE:0.0400;KO:0.0400;PG:0.0400;NKE:0.0400;WMT:0.0400;XOM:0.0400;CVX:0.0400;CAT:0.0400;HON:0.0400;UPS:0.0400;DIS:0.0400;NFLX:0.0400;TSLA:0.0400;COST:0.0400,,0.046869835733609595,4.6869835733609597e-05,0.007823222512253203,0.007775986003365487
